Trade Date,Open (Rs.),High (Rs.),Low (Rs.),Close (Rs.),ShareVolume
11/18/22,5,5.1,4.7,4.8,7249572
11/17/22,5.1,5.3,4.9,5,9070158
11/16/22,5.4,5.4,5,5.1,12514296
11/15/22,5.8,5.8,5.6,5.6,3912262
11/14/22,5.9,5.9,5.6,5.7,8032840
11-11-22,5.8,6,5.7,5.8,6609798
11-10-22,5.8,6,5.8,5.8,7590070
11-09-22,5.9,5.9,5.7,5.8,4408504
11-08-22,6,6.1,5.8,5.8,4690305
11-04-22,6,6.2,5.9,5.9,4885911
11-03-22,6,6.2,5.9,6.1,16631082
11-03-22,6,6.2,5.9,6.1,16631082
11-02-22,6.2,6.3,6,6,6052833
11-01-22,6,6.3,6,6,6226067
10/31/22,6.3,6.3,5.9,6,9548438
10/28/22,6.7,6.8,6.1,6.3,12702563
10/27/22,6,6.8,5.9,6.6,23198150
10/26/22,6,6,5.8,5.9,7018336
10/25/22,6,6.1,5.8,5.9,9850652
10/21/22,6,6,5.9,6,6038287
10/20/22,6.1,6.1,5.9,5.9,6248687
10/19/22,6.1,6.3,5.9,6,12741151
10/18/22,6.2,6.2,5.9,6,6744870
10/17/22,6.5,6.5,6,6.1,5865220
10/14/22,6.7,6.8,6.2,6.3,7918569
10/13/22,6.4,6.7,6.3,6.5,7930102
10-12-22,6,6.4,5.9,6.2,11503406
10-11-22,6.4,6.5,5.9,6.1,18117426
10-07-22,6.5,6.6,6.2,6.3,16210356
10-06-22,6.9,6.9,6.5,6.6,10273679
10-05-22,7,7.1,6.7,6.8,12857653
10-04-22,7.2,7.2,6.8,6.9,13203489
10-03-22,7.5,7.7,7.1,7.3,10595313
9/30/22,7.6,7.7,7.5,7.5,6581451
9/29/22,7.7,7.7,7.5,7.6,4225866
9/28/22,7.8,7.8,7.6,7.7,4732270
9/27/22,7.9,7.9,7.7,7.8,5928576
9/26/22,7.9,7.9,7.7,7.8,6881561
9/23/22,7.7,7.9,7.5,7.7,10991971
9/22/22,7.6,8.2,7.6,7.9,22663586
9/21/22,7.6,7.8,7.5,7.6,11299598
9/20/22,7.7,7.8,7.5,7.6,9552393
9/19/22,8,8,7.7,7.7,11656888
9/16/22,7.9,7.9,7.7,7.8,6674039
9/15/22,8,8,7.7,7.9,13446033
9/14/22,7.9,8.3,7.8,7.9,32178865
9/13/22,7.9,7.9,7.6,7.7,14879592
09-12-22,8,8.1,7.8,7.9,12453467
09-09-22,8,8.2,7.9,8,8676002
09-08-22,8,8.2,7.9,8,13146895
09-07-22,8,8.1,7.9,7.9,8594416
09-06-22,8.2,8.2,7.9,8,8722813
09-05-22,8.4,8.6,8,8.2,30998723
09-02-22,7.8,8.4,7.6,8.2,24313388
09-01-22,7.7,7.9,7.6,7.7,8820107
8/31/22,7.6,7.9,7.5,7.6,8984422
8/30/22,7.5,7.7,7.2,7.3,7937600
8/29/22,7.6,7.9,7.5,7.5,3306812
8/26/22,7.8,7.9,7.5,7.6,7777741
8/25/22,7.9,8,7.7,7.8,5344769
8/24/22,8.1,8.1,7.8,8,8902891
8/23/22,8.3,8.3,8,8.1,9600219
8/22/22,8.3,8.4,8.2,8.3,9703007
8/19/22,8.3,8.4,8,8.2,16062914
8/18/22,8.4,8.4,8,8.2,10336035
8/17/22,8.7,8.7,8,8.1,32104183
8/16/22,9.2,9.4,8.5,8.7,52145413
8/15/22,8.5,9.3,8.5,8.9,60489653
08-12-22,7.8,8.4,7.8,8.2,41760588
08-10-22,7.8,7.9,7.7,7.7,14020392
08-09-22,7.7,7.9,7.6,7.7,16953338
08-08-22,7.7,7.8,7.5,7.6,11175326
08-05-22,8,8,7.5,7.6,18146499
08-04-22,7.9,8.1,7.8,7.9,24083317
08-03-22,7.3,7.7,7.3,7.5,21348180
08-02-22,7,7.3,6.9,7.1,13047577
08-01-22,7,7.3,6.9,7,14177196
7/29/22,7.2,7.3,7,7,9690195
7/28/22,7.2,7.3,7.1,7.2,7340422
7/27/22,7.2,7.4,7.1,7.1,3161171
7/26/22,7.4,7.4,7,7.2,4891995
7/25/22,7.8,7.8,7.3,7.3,11668652
7/22/22,7.9,8,7.5,7.8,19632252
7/21/22,8.2,8.3,7.8,8,31352681
7/20/22,8,8.4,8,8.1,21308688
7/19/22,8,8.2,8,8.1,9635460
7/18/22,8,8.1,7.8,8,21454228
7/15/22,7.8,8,7.7,7.9,18527923
7/14/22,7,7.6,6.8,7.4,8755258
07-12-22,7.7,8,7.4,7.5,16412269
07-11-22,6.5,7.6,6.4,7.2,13861997
07-08-22,6.5,6.5,6.3,6.3,3021829
07-07-22,6.4,6.6,6.1,6.3,8302333
07-06-22,6.7,6.9,6.3,6.5,8905212
07-05-22,7.1,7.1,6.7,6.8,6857638
07-04-22,7.7,7.7,7,7.1,6438538
07-01-22,7.5,7.7,7.4,7.6,6344819
6/30/22,7.6,7.6,7.3,7.4,4087975
6/29/22,7.2,7.7,7.2,7.5,6352241
6/28/22,7.5,7.6,7.2,7.3,9541638
6/27/22,8.4,8.5,7.6,7.7,20381784
6/24/22,8.5,8.7,8.4,8.6,5328170
6/23/22,8.2,8.6,8.1,8.4,16902966
6/22/22,8.1,8.4,8,8,9579756
6/21/22,8.1,8.2,7.9,8,6225921
6/20/22,7.6,8,7.4,7.9,8337144
6/17/22,8.2,8.3,7.6,7.9,13629614
6/16/22,9,9.1,8.4,8.6,17102419
6/15/22,8.9,9.2,8.5,9,16983096
6/13/22,9.2,9.4,8.8,9.2,12323001
06-10-22,9.2,9.3,9,9.1,15519424
06-09-22,9,9.1,8.8,8.9,7847467
06-08-22,8.5,9,8.5,8.7,12353752
06-07-22,8.7,8.8,7.8,8.4,25627592
06-06-22,9.5,9.5,8.3,8.7,36175409
06-03-22,9.8,10,9.5,9.6,14046995
06-02-22,10,10.1,9.7,9.8,11922469
06-01-22,10.5,10.5,9.7,9.9,30815695
5/31/22,10.4,10.4,8.9,10,39837819
5/30/22,10.5,10.7,10.3,10.4,38558918
5/27/22,10.2,10.8,10.2,10.4,49504508
5/26/22,9.5,10.2,9.3,10,53498324
5/25/22,9.1,9.8,9,9.5,21358916
5/24/22,9.7,10,9.1,9.4,46883080
5/23/22,9.1,9.6,8.7,9.5,50412709
5/20/22,8.2,8.6,8,8.4,15920506
5/19/22,8.5,8.7,7.7,8,24811285
5/18/22,8.4,9.6,7.9,8.3,66747534
5/17/22,7,8.3,7,7.9,47792690
5/13/22,7,7,6.4,6.8,23786389
05-12-22,6,6.4,5.8,6.3,12392736
05-09-22,5.5,6.2,5.5,6,17095683
05-06-22,5.6,5.6,5.2,5.3,8446594
05-05-22,6,6,5.6,5.7,3607928
05-04-22,6.1,6.1,5.6,6,9283420
4/29/22,6.5,6.7,5.9,6.1,53787243
4/28/22,5.6,6.7,5,6.2,38941287
4/27/22,4,5.8,3.9,5.6,28477131
4/26/22,4.2,4.5,4,4.1,6520445
4/25/22,5.4,5.4,4.8,5.1,5048613
04-08-22,5.9,6.4,5.8,6.1,16206121
04-07-22,6.9,6.9,5.9,6,28858944
04-06-22,7.5,7.6,6.9,7,13665458
04-05-22,6.7,7.7,6.7,7.4,12886541
04-04-22,6.4,7.2,5.8,6.5,22815765
04-01-22,7,7,6.5,6.6,6451622
3/31/22,8.2,8.2,7.2,7.5,9149029
3/30/22,8.9,8.9,7,8.2,35226051
3/29/22,10,10.2,8.6,8.9,21784205
3/28/22,10.4,10.6,9.9,10,11105372
3/25/22,10.5,10.9,10.3,10.4,5377444
3/24/22,10.6,10.9,10,10.4,11644743
3/23/22,10.7,11,10,10.6,13853499
3/22/22,11.1,11.3,10.6,10.7,8412696
3/21/22,11.2,11.3,10.9,11.1,10893104
3/18/22,10.7,11.2,10.5,10.9,17389271
3/16/22,10,10.6,9.8,10.5,19111459
3/15/22,11,11.2,10.4,10.5,11477347
3/14/22,11.3,11.3,10.8,11,9460662
03-11-22,12,12,11.1,11.3,30803265
03-10-22,9.9,11.8,9.9,11.4,43259094
03-09-22,10.4,10.6,9.5,9.7,29697603
03-08-22,11.6,12.1,9.9,10.1,48213745
03-07-22,12,12.1,11,11.1,11964211
03-04-22,11.5,12.1,11,11.7,21579538
03-03-22,12,12.3,11.3,11.6,19356533
03-02-22,12.7,12.8,12,12.1,21418729
2/28/22,11.5,12.8,11.2,12.6,27479526
2/25/22,10.4,11.4,10,11.2,36782044
2/24/22,11.2,11.4,10.2,10.3,29655046
2/23/22,13,13,10.5,11.5,53027145
2/22/22,13,13.2,12.9,13,14982652
2/21/22,13.9,14,12.8,13,26196571
2/18/22,14.3,14.3,13.9,13.9,15243419
2/17/22,13.9,14.5,13.9,14.2,19294235
2/15/22,14.6,14.6,14,14,16251040
2/14/22,14.6,15,14.3,14.5,6256930
02-11-22,14.6,15.1,14.5,14.6,14944190
02-10-22,14,14.7,13.8,14.3,17473410
02-09-22,14.5,14.9,13.8,14,26148873
02-08-22,15,15,14.4,14.6,19294766
02-07-22,15.6,15.8,14.9,15,14383150
02-03-22,14.6,15.7,14.3,15.5,31925152
02-02-22,15,15.1,14.2,14.6,35311327
02-01-22,15.5,15.7,14.9,15.1,26541718
1/31/22,15.9,15.9,15.4,15.5,17355210
1/28/22,15.8,16.1,15.1,15.7,30688054
1/27/22,16,16.6,14.6,15.8,46714381
1/26/22,16.6,16.7,16.3,16.3,22888542
1/25/22,16.8,16.9,16.4,16.6,20368864
1/24/22,16.9,17,16.7,16.8,20937750
1/21/22,16.9,17,16.8,16.8,19953172
1/20/22,16.9,17,16.7,16.8,14283103
1/19/22,16.9,17.1,16.8,16.8,15902839
1/18/22,17.2,17.2,16.8,16.9,18712542
1/13/22,16.9,17.3,16.5,17,39018031
01-12-22,17.2,17.3,16.8,16.9,27751134
01-11-22,17.2,17.4,16.9,17.2,39865908
01-10-22,18.3,18.4,17.2,17.4,64218818
01-07-22,18.9,19,18.1,18.2,42422518
01-06-22,18.5,19.1,18.2,18.6,51780379
01-05-22,17.5,19.1,17.5,18.6,108605046
01-04-22,17.6,17.6,16.9,17.2,45196033
01-03-22,17,17.9,16.9,17.4,86750555
12/31/21,15,16.5,14.8,16.3,95001009
12/30/21,14.3,14.7,14.2,14.6,37862970
12/29/21,14.4,14.5,14.1,14.1,19541236
12/28/21,14.4,14.4,14.2,14.3,8020094
12/27/21,14.4,14.6,14.1,14.3,25359766
12/24/21,14.6,14.6,14.2,14.3,9744181
12/23/21,14,14.9,14,14.3,45180649
12/22/21,14.1,14.2,13.9,14,14345855
12/21/21,14,14.1,13.7,14,21785323
12/20/21,13.9,14.1,13.8,13.9,16413153
12/17/21,14,14.3,13.8,14,38563335
12/16/21,14.2,14.3,13.9,14,20080452
12/15/21,14.1,14.2,13.9,14.1,40869505
12/14/21,14.5,14.5,14,14.1,44785983
12/13/21,14.4,14.7,14.2,14.4,39114423
12-10-21,14.2,14.6,14.2,14.3,30448072
12-09-21,14.1,14.3,14,14.2,36527664
12-08-21,14.4,14.5,14.1,14.2,41249619
12-07-21,14.7,14.9,14.3,14.4,44353318
12-06-21,14.6,15,14.5,14.6,40770787
12-03-21,15,15.4,14.2,14.5,163845822
12-02-21,13.9,14.7,13.7,14.4,85346648
12-01-21,14.3,14.7,13.7,14,152963945
11/30/21,13.4,14.2,13.4,14.1,119591651
11/29/21,13.1,13.7,13,13.3,90767757
11/26/21,13.4,13.7,13,13.5,132284710
11/25/21,12.1,13.2,12,13,186600519
11/24/21,11.9,12.1,11.7,11.9,106581572
11/23/21,11.2,11.7,11,11.5,52875820
11/22/21,11,11.4,10.9,11.1,22110852
11/19/21,11.2,11.3,10.8,10.9,50409497
11/17/21,11.3,11.4,11.1,11.2,32410708
11/16/21,11.5,11.5,11.2,11.3,63458771
11/15/21,11.3,11.7,11.1,11.6,36671478
11-12-21,11.8,11.9,11.4,11.5,26601317
11-11-21,11.5,11.9,11.4,11.7,46524476
11-10-21,11.4,11.7,11.3,11.4,27638587
11-09-21,11.8,12.5,11.1,11.4,215184156
11-08-21,10.9,11.5,10.6,11.3,77253872
11-05-21,10.5,11.2,10.4,10.8,36412152
11-03-21,10.7,10.9,10.5,10.5,29056948
11-02-21,10.9,10.9,10.6,10.7,20062003
11-01-21,11.1,11.1,10.7,10.8,22205137
10/29/21,11.1,11.2,10.9,11.1,22512792
10/28/21,11.2,11.3,11,11.1,14598907
10/27/21,11.6,11.7,11.1,11.2,66652704
10/26/21,10.9,11.6,10.9,11.5,114008062
10/25/21,10.7,10.9,10.5,10.7,36899589
10/22/21,10.7,10.9,10.6,10.7,36527244
10/21/21,10.4,10.7,10.4,10.6,30726921
10/18/21,10.5,10.5,10.3,10.4,7051251
10/15/21,10.5,10.6,10.4,10.4,14891677
10/14/21,10.5,10.6,10.4,10.5,12747521
10/13/21,10.6,10.6,10.2,10.3,51356483
10-12-21,10.7,10.8,10.5,10.6,18440013
10-11-21,10.8,10.8,10.6,10.7,9353879
10-08-21,10.6,10.9,10.5,10.7,43102828
10-07-21,10.7,10.8,10.4,10.6,35144824
10-06-21,10.7,10.9,10.5,10.7,30204152
10-05-21,10.9,10.9,10.4,10.6,64392884
10-04-21,10.3,10.7,10.2,10.7,47370724
10-01-21,10.3,10.4,10.1,10.3,27087144
9/30/21,10.6,10.7,10.1,10.2,88766527
9/29/21,10,10.6,10,10.5,137511008
9/28/21,9.8,10,9.6,9.8,100781813
9/27/21,9.6,9.8,9.5,9.7,67639165
9/24/21,9.1,9.5,9,9.5,43078224
9/23/21,9.1,9.3,9,9.1,21242477
9/22/21,9.1,9.2,8.9,9,28438020
9/21/21,9.1,9.3,8.9,9.1,31718749
9/17/21,9.3,9.5,9.1,9.3,58363791
9/16/21,10,10.3,9.4,9.6,111191687
9/15/21,9.1,10,9.1,9.9,102024294
9/14/21,8.6,9.2,8.6,9,60292978
9/13/21,9.3,9.4,8.5,8.6,94517753
09-10-21,10.2,10.3,9.1,9.3,101109572
09-09-21,9.4,10.2,8.9,10,129776114
09-08-21,10.3,10.4,8.6,9.2,227089848
09-07-21,10.9,11,10,10.4,185107900
09-06-21,11.3,11.4,10.8,11,103671815
09-03-21,11.5,11.6,11.1,11.3,109886581
09-02-21,11.6,12,11.5,11.6,206849725
09-01-21,11,11.8,10.8,11.5,260967623
8/31/21,10.5,11,9.7,10.4,173556332
8/30/21,10.3,11.6,10,10.3,446115198
8/27/21,8,9.6,8,9.5,330390552
8/26/21,7.5,7.9,7.5,7.7,74208914
8/25/21,7.6,7.7,7.4,7.5,65810709
8/24/21,7.8,8,7.5,7.6,133402728
8/23/21,7.1,7.7,7.1,7.5,153664511
8/20/21,7,7.2,6.9,7,76114460
8/19/21,7.1,7.3,6.9,7,104461549
8/18/21,6.8,7.1,6.7,7,83036396
8/17/21,6.5,6.8,6.5,6.7,9327362
8/16/21,6.5,6.6,6.4,6.5,4672812
8/13/21,6.5,6.7,6.5,6.5,9840741
08-12-21,6.7,6.7,6.5,6.5,11259455
08-11-21,6.6,6.8,6.6,6.6,5546007
08-10-21,6.8,6.9,6.6,6.7,20865184
08-09-21,6.7,6.9,6.5,6.8,50363487
08-06-21,6.5,6.8,6.4,6.6,58473926
08-05-21,6.8,6.8,6.5,6.5,62129403
08-04-21,7,7.1,6.8,6.9,120845127
08-03-21,6.8,6.9,6.6,6.8,101456656
08-02-21,6.4,6.8,6.3,6.7,69386166
7/30/21,6.4,6.4,6.3,6.3,7215993
7/29/21,6.4,6.5,6.3,6.4,8159305
7/28/21,6.3,6.4,6.3,6.4,6673817
7/27/21,6.4,6.4,6.3,6.3,11742616
7/26/21,6.4,6.5,6.3,6.4,18539976
7/22/21,6.4,6.5,6.3,6.4,13498196
7/20/21,6.5,6.5,6.4,6.4,12327102
7/19/21,6.3,6.5,6.2,6.5,50336109
7/16/21,6.3,6.4,6.2,6.2,4833277
7/15/21,6.3,6.4,6.2,6.3,8328797
7/14/21,6.2,6.4,6.1,6.3,29443951
7/13/21,6.2,6.2,6.1,6.1,2977417
07-12-21,6.1,6.2,6,6,4385903
07-09-21,6.1,6.2,6,6.1,5178832
07-08-21,6.1,6.1,6,6,1936480
07-07-21,6,6.1,5.9,6,2789029
07-06-21,6.1,6.2,5.9,6,6550273
07-05-21,6.2,6.2,6,6,3263515
07-02-21,5.8,6.2,5.8,6.1,11056371
07-01-21,5.9,6,5.8,5.9,3350638
6/30/21,6,6.1,5.8,5.9,29301607
6/29/21,6.2,6.2,5.9,6,15984621
6/28/21,6.2,6.3,6.1,6.1,4599627
6/25/21,6.2,6.2,6,6.1,4591834
6/23/21,6.1,6.2,6,6.1,9943537
6/22/21,6.2,6.3,6,6.1,20992902
6/21/21,6.3,6.3,6.1,6.2,19679668
6/18/21,6.3,6.4,6.2,6.3,13125609
6/17/21,6.4,6.4,6.2,6.2,3560687
6/16/21,6.4,6.5,6.2,6.3,22826204
6/15/21,6.2,6.4,6.2,6.3,11359492
6/14/21,6.3,6.4,6.2,6.2,4846104
06-11-21,6.3,6.4,6.2,6.3,25387028
06-10-21,6.3,6.4,6.3,6.3,5691450
06-09-21,6.4,6.5,6.3,6.4,1704228
06-08-21,6.4,6.5,6.3,6.4,4510172
06-07-21,6.5,6.6,6.4,6.5,12418131
06-04-21,6.4,6.6,6.3,6.5,24834845
06-03-21,6.4,6.5,6.3,6.4,7632409
06-02-21,6.5,6.6,6.3,6.4,6158629
06-01-21,6.4,6.6,6.2,6.5,32804382
5/31/21,6.4,6.5,6.2,6.3,21239123
5/28/21,6.5,6.5,6.3,6.4,9098898
5/25/21,6.4,6.5,6.3,6.3,12788313
5/24/21,6.3,6.5,6.1,6.4,39601382
5/21/21,6.8,6.9,6.2,6.3,95402543
5/20/21,6.8,6.8,6.6,6.7,21767586
5/19/21,6.9,7,6.6,6.7,65790579
5/18/21,6.9,6.9,6.7,6.8,53150694
5/17/21,6.9,7,6.8,6.9,85819436
5/13/21,6.6,6.8,6.6,6.8,27372166
05-12-21,6.6,6.7,6.5,6.6,10837858
05-11-21,6.4,6.7,6.4,6.6,38951081
05-10-21,6.6,6.7,6.4,6.5,52474445
05-07-21,6.7,6.8,6.6,6.8,31098953
05-06-21,6.6,6.8,6.6,6.7,50182682
05-05-21,6.4,6.6,6.4,6.5,27770268
05-04-21,6.8,6.9,6.3,6.4,139112453
05-03-21,6.5,6.9,6.5,6.8,154085562
4/30/21,6.3,6.5,6.2,6.4,15420904
4/29/21,6.4,6.5,6.2,6.3,38110930
4/28/21,6,6.4,6,6.4,31505893
4/27/21,6.1,6.2,5.9,6,33397201
4/23/21,6.2,6.3,6.1,6.2,36052571
4/22/21,6.5,6.5,6.2,6.3,44592395
4/21/21,6.1,6.5,6.1,6.4,72870915
4/20/21,6.4,6.6,6,6.1,114063976
4/19/21,6.3,6.6,6.1,6.4,71090830
4/16/21,6.3,6.4,6.1,6.3,85678723
4/15/21,6.2,6.7,6.1,6.5,123116382
04-12-21,6.1,6.2,6,6.2,26402190
04-09-21,6.1,6.3,5.9,6,105564593
04-08-21,5.6,6,5.5,5.9,87247746
04-07-21,5.7,5.8,5.6,5.6,15229461
04-06-21,5.7,5.7,5.5,5.6,7680707
04-05-21,5.8,5.8,5.6,5.7,10800762
04-01-21,5.5,5.8,5.5,5.7,28350969
3/31/21,5.4,5.6,5.4,5.5,7425999
3/30/21,5.5,5.6,5.4,5.4,5110889
3/29/21,5.5,5.7,5.4,5.5,15889295
3/26/21,5.4,5.6,5.2,5.5,24315110
3/25/21,5.5,5.8,5.2,5.4,86539387
3/24/21,4.7,5.4,4.7,5.3,30158535
3/23/21,4.9,5,4.7,4.8,5866553
3/22/21,4.6,5,4.6,4.8,19268751
3/19/21,4.9,5,4.5,4.6,19614390
3/18/21,5.1,5.1,4.8,4.9,19326499
3/17/21,5.2,5.3,5,5.1,9469296
3/16/21,5.3,5.3,5,5.2,31046245
3/15/21,5.5,5.5,5.2,5.2,5199598
03-12-21,5.5,5.5,5.3,5.3,6445770
03-10-21,5.5,5.7,5.3,5.4,13197072
03-09-21,5.7,5.8,5.4,5.5,35052977
03-08-21,5.3,5.7,5.3,5.6,36775483
03-05-21,5.3,5.4,5.1,5.2,20891667
03-04-21,5.6,5.6,5,5.2,56403885
03-03-21,5.6,5.7,5.3,5.5,31108935
03-02-21,5.8,5.8,5.5,5.6,21152688
03-01-21,5.9,6.1,5.6,5.7,23258905
2/25/21,5.5,5.9,5.4,5.8,34937373
2/24/21,5.3,5.7,5.2,5.4,24232922
2/23/21,5.7,5.8,5.2,5.4,52217464
2/22/21,6.3,6.4,5.7,5.8,87439616
2/19/21,5.8,6.3,5.3,6.1,127489236
2/18/21,5.1,5.8,5,5.5,49291590
2/17/21,5.1,5.2,4.6,5,37783242
2/16/21,5.5,5.5,4.8,5,39481254
2/15/21,6.1,6.2,5.5,5.6,37184617
02-12-21,5.6,6.2,5.5,6,61597082
02-11-21,5.5,5.7,4.2,5.4,90816598
02-10-21,6,6.1,5.3,5.5,44398381
02-09-21,6.3,6.4,5.8,6,49819395
02-08-21,6.6,6.6,6.2,6.3,29326957
02-05-21,6.5,6.6,6.3,6.5,16218104
02-03-21,6.6,6.7,6.3,6.4,32565261
02-02-21,6.7,6.8,6.4,6.4,83093541
02-01-21,6.6,7.1,6.4,6.7,2710774277
1/29/21,6.9,7.2,6.7,6.7,85592730
1/27/21,7,7,6.6,6.9,95236537
1/26/21,7,7.1,6.8,6.9,41242324
1/25/21,6.9,7.4,6.9,7,94118043
1/22/21,6.8,7.1,6.7,6.9,79022898
1/21/21,6.7,6.8,6.5,6.6,88859160
1/20/21,6.8,7,6.6,6.8,80571820
1/19/21,7.3,7.4,6.8,6.9,209725097
1/18/21,7.6,7.8,7.2,7.3,182730829
1/15/21,7.6,7.7,7.2,7.5,179876261
1/13/21,7.7,7.8,7.3,7.4,163874385
01-12-21,7.4,7.9,7.2,7.5,357308237
01-11-21,6.5,7.4,6.5,7.2,296394199
01-08-21,7,7.1,6.3,6.5,442454360
01-07-21,6,7,6,6.8,616204784
01-06-21,5.1,5.9,5,5.7,580165691
01-05-21,4.9,5.2,4.9,5.1,249717222
01-04-21,4.4,4.9,4.3,4.8,266077369
12/31/20,4.2,4.4,4.2,4.3,113866204
12/30/20,4,4.2,4,4.1,75254324
12/28/20,4,4,3.9,4,17797634
12/24/20,4,4,3.9,3.9,8244780
12/23/20,4,4.1,3.9,4,37343277
12/22/20,3.9,4.1,3.7,4,876982753
12/21/20,3.9,4,3.8,3.9,34521623
12/18/20,3.9,4,3.7,3.9,60458759
12/17/20,4.3,4.5,3.8,3.8,514009760
12/16/20,3.8,4.2,3.7,4.1,291220084
12/15/20,3.7,3.8,3.6,3.7,70499967
12/14/20,3.5,3.7,3.5,3.6,56329141
12-11-20,3.4,3.6,3.2,3.5,118138863
12-10-20,3.9,3.9,3.5,3.6,357117541
12-09-20,3.2,3.7,3.2,3.7,443997159
12-08-20,2.9,3.1,2.9,3,205040322
12-07-20,2.8,2.9,2.7,2.8,29484564
12-04-20,2.6,2.8,2.6,2.7,47342394
12-03-20,2.7,2.7,2.5,2.6,4762769
12-02-20,2.7,2.7,2.5,2.6,37470590
12-01-20,2.5,2.7,2.5,2.6,32340060
11/30/20,2.5,2.6,2.5,2.5,8440378
11/27/20,2.5,2.6,2.4,2.5,10306602
11/26/20,2.5,2.5,2.4,2.4,8214387
11/25/20,2.5,2.5,2.4,2.5,2058267
11/24/20,2.5,2.5,2.4,2.4,1219782
11/23/20,2.5,2.6,2.4,2.5,1755751
11/20/20,2.5,2.6,2.4,2.5,4243070
11/19/20,2.5,2.5,2.4,2.4,7273936
11/18/20,2.5,2.6,2.4,2.5,5449529
11/17/20,2.5,2.6,2.4,2.5,19811069
11/16/20,2.6,2.6,2.5,2.5,11354565
11/13/20,2.5,2.6,2.5,2.5,11134862
11-12-20,2.5,2.5,2.4,2.5,5388116
11-11-20,2.5,2.6,2.4,2.4,10257674
11-10-20,2.6,2.6,2.5,2.5,11934123
11-09-20,2.5,2.6,2.4,2.5,30666897
11-06-20,2.7,2.7,2.5,2.5,37192706
11-05-20,2.5,2.7,2.5,2.6,87029863
11-04-20,2.4,2.5,2.3,2.4,21609297
11-03-20,2.4,2.4,2.3,2.4,3369146
11-02-20,2.3,2.4,2.3,2.4,1332671
10/29/20,2.3,2.4,2.2,2.4,5056232
10/28/20,2.3,2.4,2.2,2.3,10523537
10/27/20,2.4,2.4,2.3,2.3,6667762
10/26/20,2.3,2.4,2.3,2.3,12574422
10/23/20,2.5,2.5,2.3,2.3,5370767
10/22/20,2.3,2.5,2.3,2.4,26601121
10/21/20,2.5,2.6,2.3,2.4,33391497
10/20/20,2.6,2.6,2.4,2.5,20583235
10/19/20,2.6,2.6,2.5,2.5,18943196
10/16/20,2.6,2.6,2.5,2.6,1559359
10/15/20,2.7,2.7,2.5,2.6,17514691
10/14/20,2.7,2.7,2.6,2.6,23794585
10/13/20,2.6,2.8,2.5,2.6,76964889
10-12-20,2.6,2.6,2.5,2.6,12134221
10-09-20,2.6,2.7,2.5,2.5,31505096
10-08-20,2.5,2.6,2.4,2.6,6351020
10-07-20,2.4,2.6,2.4,2.5,18923638
10-06-20,2.4,2.6,2.3,2.4,22985082
10-05-20,2.7,2.7,2.4,2.5,63539845
10-02-20,2.8,2.9,2.7,2.8,18758648
9/30/20,2.8,2.9,2.7,2.7,4089009
9/29/20,2.7,2.9,2.7,2.8,10940157
9/28/20,2.8,2.9,2.7,2.7,5359918
9/25/20,2.8,2.9,2.7,2.8,5467579
9/24/20,2.8,2.9,2.7,2.8,9855203
9/23/20,2.9,2.9,2.7,2.8,19877024
9/22/20,2.9,3,2.8,2.8,8915153
9/21/20,2.9,3,2.8,2.9,79987896
9/18/20,2.6,2.9,2.6,2.8,55507072
9/17/20,2.6,2.7,2.5,2.6,7579615
9/16/20,2.6,2.7,2.5,2.6,6945454
9/15/20,2.6,2.7,2.6,2.6,10798730
9/14/20,2.6,2.7,2.6,2.6,10891136
09-11-20,2.7,2.7,2.5,2.6,22639922
09-10-20,2.5,2.7,2.5,2.6,35345319
09-09-20,2.5,2.5,2.4,2.5,7731030
09-08-20,2.5,2.5,2.4,2.5,2183689
09-07-20,2.5,2.6,2.4,2.5,6050329
09-04-20,2.5,2.6,2.4,2.5,8603765
09-03-20,2.5,2.6,2.4,2.5,17969518
09-02-20,2.3,2.6,2.3,2.5,45225090
8/31/20,2.3,2.4,2.2,2.3,31732768
8/28/20,2.5,2.5,2.3,2.4,3495350
8/27/20,2.4,2.5,2.3,2.4,5227313
8/26/20,2.4,2.5,2.3,2.3,2386602
8/25/20,2.5,2.5,2.3,2.4,12484912
8/24/20,2.6,2.6,2.4,2.5,21639945
8/21/20,2.6,2.7,2.5,2.5,9013564
8/20/20,2.8,2.9,2.5,2.6,37137921
8/19/20,2.3,2.8,2.3,2.7,89143910
8/18/20,2.2,2.3,2.2,2.2,4604687
8/17/20,2.2,2.3,2.1,2.2,4119455
8/14/20,2.2,2.3,2.1,2.2,5030979
8/13/20,2.2,2.2,2.1,2.2,6388418
08-12-20,2.2,2.3,2.1,2.2,15923903
08-11-20,2.2,2.2,2.1,2.1,1393548
08-10-20,2.2,2.2,2.1,2.1,4522160
08-07-20,2.3,2.3,2.1,2.2,7041827
08-06-20,2.2,2.3,2.1,2.2,5473339
08-05-20,2.3,2.3,2.2,2.2,6745345
08-04-20,2.3,2.4,2.2,2.3,13476261
7/31/20,2.3,2.3,2.2,2.3,452417
7/30/20,2.3,2.3,2.1,2.2,3412276
7/29/20,2.2,2.3,2.1,2.2,2606380
7/28/20,2.2,2.3,2.1,2.2,2466365
7/27/20,2.3,2.4,2.2,2.2,2931865
7/24/20,2.2,2.3,2.1,2.3,16447223
7/23/20,2.2,2.5,2.1,2.3,13437174
7/22/20,2.2,2.2,2.1,2.2,737568
7/21/20,2.2,2.2,2.1,2.2,232956
7/20/20,2.2,2.3,2.1,2.2,2365695
7/17/20,2.2,2.3,2.1,2.2,999652
7/16/20,2.2,2.3,2.1,2.2,2938137
7/15/20,2.2,2.2,2,2.2,829438
7/14/20,2.1,2.3,2.1,2.1,3426532
7/13/20,2.1,2.2,2,2.1,3785397
07-10-20,2.3,2.3,2.2,2.2,2655661
07-09-20,2.4,2.4,2.2,2.3,813806
07-08-20,2.3,2.4,2.2,2.3,2789242
07-07-20,2.3,2.4,2.3,2.3,543604
07-06-20,2.3,2.4,2.3,2.4,244111
07-03-20,2.4,2.4,2.3,2.3,392489
07-02-20,2.5,2.5,2.4,2.4,2349451
07-01-20,2.5,2.5,2.4,2.4,1185240
6/30/20,2.5,2.5,2.4,2.4,860468
6/29/20,2.5,2.5,2.4,2.5,822866
6/26/20,2.4,2.5,2.3,2.5,1360632
6/25/20,2.4,2.5,2.3,2.4,2572668
6/24/20,2.5,2.5,2.3,2.4,3903749
6/23/20,2.9,2.9,2.3,2.5,20175130
6/22/20,3,3,2.9,2.9,655342
6/19/20,3,3.1,2.9,2.9,3284786
6/18/20,3,3.1,2.9,2.9,1671766
6/17/20,3,3,2.9,3,572112
6/16/20,3,3,2.9,2.9,557789
6/15/20,3,3,2.8,2.9,1161034
06-12-20,3,3,2.9,2.9,1464407
06-11-20,3.1,3.1,3,3,1556006
06-10-20,3,3.1,2.8,3,3754215
06-09-20,2.9,3,2.8,2.9,1387480
06-08-20,2.9,3,2.9,2.9,1310011
06-04-20,3,3,2.8,2.9,358423
06-03-20,3,3,2.9,2.9,1739505
06-02-20,2.9,3,2.8,2.9,1456567
06-01-20,3,3,2.8,2.8,2154006
5/29/20,3.1,3.1,2.9,3,274066
5/28/20,3,3.1,2.9,3,1855044
5/27/20,3,3.1,2.9,3,1563456
5/26/20,3.2,3.2,2.9,3,5350771
5/22/20,3.5,3.5,3.1,3.2,7285303
5/21/20,3.4,3.6,3.3,3.4,9770770
5/20/20,2.8,3.2,2.7,3.1,18447294
5/19/20,2.3,2.7,2.3,2.6,7910635
5/18/20,2.1,2.3,2.1,2.2,3098439
5/15/20,2.1,2.1,2,2.1,1095256
5/14/20,2.1,2.2,2,2.1,2915420
5/13/20,1.9,2.1,1.9,2,6054863
05-12-20,1.8,1.9,1.6,1.8,3103894
05-11-20,1.8,1.8,1.8,1.8,536000
3/20/20,2,2,1.9,1.9,2312691
3/13/20,2.2,2.3,2,2.2,4801014
03-12-20,2.8,2.8,2,2.2,9395406
03-11-20,3.1,3.5,3.1,3.4,5929558
03-10-20,3.4,3.4,2.9,3.1,7109582
03-06-20,3.9,4,3.4,3.5,7846793
03-05-20,4.2,4.3,3.9,4,7918121
03-04-20,4.4,4.4,4.1,4.2,3708695
03-03-20,4.5,4.6,4.4,4.4,1878409
03-02-20,4.3,4.6,4.2,4.5,3511351
2/28/20,4.4,4.4,4.2,4.2,4969240
2/27/20,4.6,4.7,4.4,4.5,4171066
2/26/20,4.8,4.8,4.5,4.5,3471782
2/25/20,4.9,4.9,4.7,4.7,7022568
2/24/20,5,5.1,4.8,4.9,1618996
2/20/20,5,5.1,4.8,5,4999756
2/19/20,5,5.1,4.9,5,2079659
2/18/20,4.9,5,4.8,4.9,3754481
2/17/20,5,5.1,4.8,4.9,2399708
2/14/20,5.2,5.2,4.9,5,973057
2/13/20,5.1,5.2,5,5.1,704606
02-12-20,5,5.1,5,5,829077
02-11-20,5.1,5.2,5,5.1,425687
02-10-20,5.2,5.2,5.1,5.2,258584
02-07-20,5.3,5.3,5.1,5.1,1712084
02-06-20,5.2,5.3,5.1,5.2,366148
02-05-20,5.1,5.3,5.1,5.1,1173931
02-03-20,5,5.2,5,5.1,767032
1/31/20,5.1,5.2,5,5.1,2244329
1/30/20,5.1,5.2,5,5.1,1382738
1/29/20,5.1,5.2,5,5.1,4787228
1/28/20,5,5.1,4.9,4.9,5905586
1/27/20,5.2,5.2,5,5.1,7007978
1/24/20,5.3,5.4,5.2,5.3,1826796
1/23/20,5.3,5.4,5.3,5.3,1293753
1/22/20,5.4,5.4,5.2,5.3,5196642
1/21/20,5.5,5.5,5.3,5.4,3818835
1/20/20,5.5,5.6,5.4,5.5,4710181
1/17/20,5.4,5.6,5.4,5.5,2518507
1/16/20,5.5,5.5,5.3,5.4,5511091
1/14/20,5.8,5.8,5.5,5.5,10456859
1/13/20,5.5,5.8,5.4,5.7,18551656
01-09-20,5.2,5.5,5.2,5.5,14266658
01-08-20,5.4,5.4,5,5.1,13734002
01-07-20,5.5,5.5,5.2,5.4,8559629
01-06-20,5.5,5.6,5.3,5.4,11714825
01-03-20,5.5,5.6,5.3,5.4,17318580
01-02-20,4.9,5.5,4.9,5.4,40978630
12/31/19,5.1,5.2,4.8,5,32312267
12/30/19,4.7,5.2,4.7,5.1,30925567
12/27/19,4.7,4.8,4.6,4.7,6483675
12/26/19,4.6,4.7,4.5,4.7,3645024
12/24/19,4.6,4.6,4.4,4.5,1545608
12/23/19,4.5,4.6,4.4,4.6,5439245
12/20/19,4.3,4.5,4.2,4.4,4792911
12/19/19,4.2,4.3,4.2,4.3,196035
12/18/19,4.3,4.4,4.3,4.3,233773
12/17/19,4.2,4.4,4.2,4.3,456574
12/16/19,4.2,4.4,4.2,4.3,960573
12/13/19,4.3,4.4,4.2,4.3,1012588
12-12-19,4.2,4.4,4.2,4.3,2053640
12-10-19,4.2,4.3,4.1,4.2,483969
12-09-19,4.4,4.4,4.2,4.2,2623599
12-06-19,4.3,4.4,4.3,4.4,734775
12-05-19,4.3,4.5,4.2,4.3,1623999
12-04-19,4.5,4.5,4.3,4.3,449109
12-03-19,4.2,4.5,4.2,4.3,2707829
12-02-19,4.3,4.3,4.2,4.3,1296582
11/29/19,4.3,4.4,4.2,4.3,1269357
11/28/19,4.4,4.5,4.3,4.3,4419828
11/27/19,4.4,4.4,4.3,4.4,124696
11/26/19,4.5,4.5,4.4,4.4,2981221
11/25/19,4.4,4.5,4.4,4.4,3278021
11/22/19,4.4,4.5,4.4,4.4,2514075
11/21/19,4.4,4.5,4.4,4.4,675713
11/20/19,4.4,4.6,4.4,4.4,2952868
11/19/19,4.4,4.5,4.3,4.4,1742667
11/18/19,4.6,4.6,4.3,4.4,5561855
11/15/19,4.5,4.5,4.3,4.5,1876302
11/14/19,4.5,4.5,4.4,4.4,2263493
11/13/19,4.5,4.6,4.4,4.4,902899
11-08-19,4.6,4.6,4.4,4.5,11596275
11-07-19,4.5,4.6,4.4,4.5,7273538
11-06-19,4.6,4.6,4.4,4.5,3559945
11-05-19,4.6,4.6,4.5,4.6,1203216
11-04-19,4.6,4.6,4.4,4.5,5811381
11-01-19,4.7,4.7,4.5,4.5,1295644
10/31/19,4.5,4.8,4.5,4.6,8173692
10/30/19,4.4,4.5,4.4,4.4,229488
10/29/19,4.4,4.5,4.4,4.4,1149467
10/28/19,4.4,4.5,4.3,4.3,1533631
10/25/19,4.3,4.4,4.2,4.3,2105163
10/24/19,4.5,4.5,4.2,4.3,5050704
10/23/19,4.6,4.6,4.4,4.5,2207027
10/22/19,4.6,4.6,4.5,4.5,899146
10/21/19,4.6,4.6,4.5,4.5,155303
10/18/19,4.6,4.7,4.5,4.6,1081645
10/17/19,4.5,4.7,4.5,4.6,3948898
10/16/19,4.7,4.7,4.4,4.5,6926675
10/15/19,4.8,4.8,4.6,4.6,4974163
10/14/19,4.8,4.9,4.6,4.7,5261780
10-11-19,4.6,4.8,4.4,4.7,13847426
10-10-19,4.6,4.7,4.4,4.5,13169297
10-09-19,4.2,4.6,4.1,4.5,12169557
10-08-19,4.1,4.2,4,4.2,1194703
10-07-19,4.2,4.3,4,4,1895927
10-04-19,4.1,4.2,3.9,4.1,1089243
10-03-19,3.9,4.2,3.7,4.1,7217806
10-02-19,4,4.1,3.8,3.9,5490778
10-01-19,4.1,4.2,4,4.1,1035984
9/30/19,4.3,4.3,4,4.1,9840688
9/27/19,4.5,4.5,4.2,4.3,8361641
9/26/19,4.4,4.6,4.3,4.4,7841012
9/25/19,4.2,4.4,4.1,4.3,3447605
9/24/19,4.5,4.6,4.1,4.2,10140599
9/23/19,4.7,4.7,4.4,4.6,7804569
9/20/19,4.8,4.8,4.6,4.7,1929809
9/19/19,4.8,4.9,4.7,4.7,1314963
9/18/19,4.8,4.9,4.7,4.8,1975682
9/17/19,4.9,5,4.8,4.8,1861356
9/16/19,4.8,5,4.7,4.9,5039106
09-12-19,4.8,4.9,4.7,4.8,2596484
09-11-19,5.1,5.1,4.8,4.8,15974560
09-10-19,4.9,5.2,4.9,5.1,29050105
09-09-19,4.8,5,4.7,4.9,17172675
09-06-19,4.7,4.9,4.5,4.7,16411980
09-05-19,4.6,4.8,4.3,4.6,24389196
09-04-19,4.9,5,4.5,4.6,23022075
09-03-19,4.9,5.3,4.6,4.8,61220732
09-02-19,4.1,4.9,4.1,4.7,55069577
8/30/19,3.5,4.1,3.5,4,35924765
8/29/19,3.5,3.6,3.5,3.5,13000188
8/28/19,3.5,3.5,3.3,3.4,2777177
8/27/19,3.3,3.5,3.2,3.4,5265686
8/26/19,3.4,3.5,3.2,3.3,2691139
8/23/19,3.4,3.5,3.4,3.4,13490918
8/22/19,3.3,3.4,3.2,3.4,2191817
8/21/19,3.4,3.4,3.2,3.3,4834444
8/20/19,3.1,3.4,3.1,3.3,15101187
8/19/19,3.1,3.2,3,3.1,3099687
8/16/19,3.3,3.4,3,3.1,21104123
8/15/19,3,3.3,3,3.2,16418424
8/13/19,3.1,3.2,3,3,7569389
08-09-19,3,3.1,2.9,3,3629626
08-08-19,3.1,3.1,2.9,3,6759888
08-07-19,3,3.1,2.9,3.1,21753321
08-06-19,2.8,3,2.7,2.9,12665421
08-05-19,2.8,2.9,2.7,2.8,14932173
08-02-19,2.4,2.8,2.3,2.7,16730069
08-01-19,2.4,2.5,2.3,2.4,1751352
7/31/19,2.4,2.5,2.3,2.4,1748643
7/30/19,2.4,2.5,2.3,2.4,2744802
7/29/19,2.3,2.5,2.3,2.4,3778707
7/26/19,2.3,2.4,2.2,2.3,4935688
7/25/19,2.3,2.4,2.3,2.3,1356731
7/24/19,2.3,2.4,2.2,2.3,2767124
7/23/19,2.4,2.4,2.3,2.3,948257
7/22/19,2.4,2.5,2.2,2.4,8052870
7/19/19,2.5,2.6,2.4,2.4,32057754
7/18/19,2,2.3,2,2.3,15215272
7/17/19,1.8,2,1.7,1.9,4605948
7/15/19,1.7,1.8,1.7,1.7,705678
07-12-19,1.8,1.8,1.7,1.7,248501
07-11-19,1.8,1.9,1.7,1.8,3466304
07-10-19,1.7,1.8,1.7,1.7,146746
07-09-19,1.7,1.8,1.6,1.7,2052383
07-08-19,1.6,1.8,1.6,1.7,1784679
07-05-19,1.6,1.7,1.5,1.6,2033267
07-04-19,1.6,1.6,1.5,1.5,51417
07-03-19,1.5,1.6,1.5,1.5,28921
07-02-19,1.5,1.6,1.4,1.4,3607
07-01-19,1.5,1.6,1.5,1.5,196440
6/28/19,1.5,1.6,1.4,1.5,316799
6/27/19,1.6,1.6,1.5,1.6,31127
6/26/19,1.5,1.6,1.5,1.5,166881
6/25/19,1.5,1.5,1.4,1.5,190690
6/24/19,1.5,1.6,1.5,1.5,170053
6/21/19,1.5,1.6,1.5,1.5,41401
6/20/19,1.5,1.5,1.5,1.5,8622
6/19/19,1.5,1.6,1.5,1.5,128301
6/18/19,1.5,1.6,1.5,1.6,259665
6/17/19,1.6,1.6,1.5,1.6,72810
6/14/19,1.5,1.6,1.5,1.6,318138
6/13/19,1.5,1.6,1.5,1.5,197615
06-12-19,1.5,1.6,1.4,1.5,345740
06-11-19,1.5,1.5,1.4,1.5,19011
06-10-19,1.5,1.5,1.4,1.5,12230
06-07-19,1.6,1.6,1.5,1.5,190349
06-06-19,1.6,1.6,1.5,1.5,67100
06-04-19,1.6,1.6,1.5,1.5,39518
06-03-19,1.6,1.6,1.5,1.6,140502
5/31/19,1.6,1.7,1.5,1.6,289602
5/30/19,1.6,1.7,1.6,1.7,176003
5/29/19,1.6,1.7,1.5,1.6,125137
5/28/19,1.6,1.7,1.5,1.6,462197
5/27/19,1.5,1.8,1.5,1.6,2870311
5/24/19,1.4,1.5,1.4,1.4,723608
5/23/19,1.3,1.4,1.3,1.3,199055
5/22/19,1.4,1.4,1.3,1.3,220942
5/21/19,1.4,1.4,1.3,1.4,2940
5/17/19,1.3,1.4,1.3,1.4,31101
5/16/19,1.3,1.4,1.3,1.3,52677
5/15/19,1.3,1.3,1.2,1.2,312661
5/14/19,1.3,1.4,1.3,1.3,99813
5/13/19,1.4,1.4,1.3,1.4,9900
05-10-19,1.4,1.5,1.3,1.4,102521
05-09-19,1.3,1.5,1.3,1.4,32504
05-08-19,1.5,1.5,1.3,1.4,12010
05-07-19,1.5,1.5,1.3,1.4,138900
05-06-19,1.4,1.5,1.4,1.4,351163
05-03-19,1.5,1.6,1.5,1.5,43719
05-02-19,1.5,1.5,1.5,1.5,265939
4/30/19,1.6,1.6,1.5,1.5,7141
4/29/19,1.6,1.6,1.4,1.5,812961
4/26/19,1.5,1.6,1.5,1.6,5500
4/25/19,1.5,1.6,1.5,1.6,1114
4/24/19,1.4,1.6,1.4,1.6,45628
4/23/19,1.5,1.5,1.4,1.4,140423
4/18/19,1.6,1.6,1.5,1.6,16313
4/17/19,1.6,1.6,1.6,1.6,1
4/16/19,1.6,1.6,1.6,1.6,9516
04-12-19,1.5,1.6,1.5,1.6,190705
04-11-19,1.6,1.6,1.5,1.5,509012
04-10-19,1.6,1.7,1.6,1.6,14302
04-09-19,1.7,1.7,1.7,1.6,5
04-08-19,1.6,1.7,1.6,1.6,1641
04-05-19,1.7,1.7,1.6,1.6,7201
04-04-19,1.7,1.7,1.7,1.7,4001
04-03-19,1.7,1.7,1.6,1.6,13059
04-02-19,1.7,1.7,1.6,1.6,13006
04-01-19,1.6,1.7,1.5,1.6,31742
3/29/19,1.6,1.6,1.5,1.5,45719
3/28/19,1.6,1.7,1.5,1.6,309497
3/27/19,1.6,1.7,1.6,1.6,142229
3/26/19,1.6,1.7,1.6,1.6,257384
3/25/19,1.6,1.6,1.6,1.6,6072
3/22/19,1.5,1.6,1.5,1.6,152523
3/21/19,1.5,1.5,1.5,1.5,7500
3/19/19,1.6,1.7,1.5,1.5,195900
3/18/19,1.7,1.7,1.6,1.7,251
3/15/19,1.6,1.6,1.6,1.6,118542
3/14/19,1.6,1.6,1.6,1.6,117000
3/13/19,1.6,1.7,1.6,1.6,35631
03-12-19,1.6,1.7,1.6,1.6,28076
03-11-19,1.7,1.7,1.6,1.7,27715
03-08-19,1.7,1.8,1.6,1.7,320920
03-07-19,1.7,1.7,1.7,1.7,206500
03-06-19,1.7,1.8,1.7,1.7,53405
03-05-19,1.7,1.8,1.7,1.7,121354
03-01-19,1.7,1.8,1.7,1.7,10510
2/28/19,1.7,1.8,1.7,1.7,265596
2/27/19,1.7,1.8,1.7,1.7,12360
2/26/19,1.8,1.8,1.7,1.8,901
2/25/19,1.8,1.8,1.7,1.8,74182
2/22/19,1.8,1.8,1.7,1.8,96551
2/21/19,1.8,1.8,1.7,1.8,141965
2/20/19,1.7,1.9,1.7,1.7,220620
2/18/19,1.9,1.9,1.7,1.9,353431
2/15/19,1.9,1.9,1.8,1.9,3550
2/13/19,1.9,1.9,1.9,1.9,34963
02-12-19,1.8,1.9,1.8,1.8,111457
02-11-19,1.8,1.9,1.8,1.8,5029
02-08-19,1.8,2,1.8,1.8,43773
02-07-19,1.9,2,1.8,1.9,169400
02-06-19,1.9,1.9,1.8,1.9,7400
02-05-19,1.8,1.9,1.8,1.8,111084
02-01-19,1.9,2,1.9,1.9,26723
1/31/19,1.9,2,1.9,1.9,30755
1/30/19,2,2,1.8,2,441847
1/29/19,1.9,1.9,1.7,1.9,97992626
1/28/19,1.8,1.8,1.7,1.8,105900
1/25/19,1.8,1.9,1.7,1.8,292375
1/24/19,1.7,1.9,1.7,1.7,311034
1/23/19,1.8,1.8,1.8,1.8,1000
1/22/19,1.8,1.8,1.7,1.8,115477
1/21/19,1.7,1.8,1.7,1.7,1089691
1/18/19,1.7,1.8,1.7,1.7,88560
1/17/19,1.7,1.8,1.7,1.7,228482
1/16/19,1.7,1.7,1.6,1.7,209692
1/14/19,1.7,1.8,1.7,1.7,111139
01-11-19,1.8,1.8,1.8,1.8,33710
01-10-19,1.8,1.8,1.7,1.8,64052
01-09-19,1.8,1.8,1.7,1.8,46245
01-08-19,1.8,1.9,1.8,1.8,472
01-07-19,1.8,1.9,1.8,1.8,30056
01-04-19,1.9,1.9,1.8,1.9,2800
01-03-19,1.8,1.9,1.8,1.8,215365
01-02-19,1.8,1.9,1.8,1.8,58294
12/31/18,1.9,1.9,1.8,1.9,12350
12/28/18,1.8,1.8,1.8,1.8,61616
12/27/18,1.9,1.9,1.9,1.9,130129
12/26/18,1.8,1.9,1.8,1.8,9813
12/24/18,1.8,1.9,1.8,1.8,6200
12/21/18,1.9,1.9,1.8,1.9,13296
12/20/18,1.8,1.9,1.8,1.8,105012
12/19/18,1.8,1.9,1.8,1.8,31063
12/18/18,1.8,1.9,1.8,1.8,68828
12/17/18,1.9,1.9,1.9,1.9,9995
12/14/18,1.9,2,1.8,1.9,104526
12/13/18,1.9,2,1.9,1.9,23710
12-12-18,1.9,2,1.9,1.9,109600
12-11-18,2,2,1.9,2,10206
12-10-18,1.9,2,1.9,1.9,355156
12-07-18,2,2,2,2,4820
12-06-18,2,2,1.9,2,137009
12-05-18,1.9,2.1,1.9,1.9,19026
12-04-18,1.9,2,1.9,1.9,1707
12-03-18,1.9,2,1.9,1.9,5014
11/30/18,2,2,2,2,27304
11/29/18,1.9,2,1.9,1.9,3502
11/28/18,1.9,2,1.9,1.9,19600
11/27/18,2,2,2,2,31001
11/26/18,1.9,2,1.9,1.9,41922
11/23/18,1.9,2,1.9,1.9,3250
11/21/18,1.9,1.9,1.9,1.9,267500
11/19/18,1.9,2,1.9,1.9,3001
11/16/18,2,2,2,2,200
11/15/18,2,2,1.9,2,20350
11/14/18,2,2,1.9,2,84550
11/13/18,2.1,2.1,2,2.1,210
11-12-18,2,2.1,2,2,271507
11-09-18,2.1,2.1,1.9,2.1,122761
11-08-18,2,2.1,1.9,2,1139925
11-07-18,2.1,2.1,2,2.1,159481
11-05-18,2.1,2.2,2,2.1,48500
11-02-18,2.1,2.3,2.1,2.1,318316
11-01-18,2.3,2.3,2.1,2.3,783131
10/31/18,2,2.1,2,2,60600
10/30/18,2.1,2.2,2,2.1,255242
10/29/18,2.1,2.2,2,2.1,668122
10/26/18,1.9,2,1.8,1.9,215149
10/25/18,1.8,1.9,1.8,1.8,25160
10/23/18,1.8,1.9,1.8,1.8,108194
10/22/18,1.8,1.8,1.8,1.8,10000
10/19/18,1.9,1.9,1.9,1.9,120
10/18/18,1.8,1.9,1.8,1.8,5095
10/17/18,1.8,1.9,1.8,1.8,6000
10/16/18,1.9,1.9,1.8,1.9,5509
10/15/18,1.8,1.9,1.8,1.8,57842
10-12-18,1.8,1.9,1.8,1.8,102000
10-11-18,1.9,2,1.9,1.9,221461
10-10-18,1.9,2,2,1.9,2
10-09-18,1.9,2,1.9,1.9,33640
10-08-18,1.9,2,1.9,1.9,51867
10-05-18,2,2,1.9,2,392944
10-04-18,1.9,1.9,1.8,1.9,106985
10-03-18,1.9,1.9,1.8,1.9,44902
10-02-18,1.8,1.9,1.8,1.8,105056
10-01-18,1.8,2,1.8,1.8,33053
9/28/18,1.8,2,1.8,1.9,16726
9/27/18,2,2,1.9,1.9,58960
9/26/18,1.9,2,1.9,1.9,160913
9/25/18,1.9,2,1.9,1.9,517902
9/21/18,2,2,1.9,2,303073
9/20/18,2,2.1,2,2,11104
9/19/18,1.9,2.1,1.9,2,176739
9/18/18,2.1,2.1,2,2,149878
9/17/18,2,2.2,2,2,160131
9/14/18,2,2,2,2,16500
9/13/18,2,2,2,2,1000
09-12-18,2.1,2.2,2,2,213478
09-11-18,2.1,2.1,2,2.1,89001
09-10-18,2.1,2.1,2,2.1,59835
09-07-18,2.2,2.2,2,2.1,59695
09-06-18,2.2,2.3,2.1,2.1,748710
09-05-18,2.2,2.2,2.1,2.2,93967
09-04-18,2.2,2.2,2.1,2.1,128253
09-03-18,2.3,2.3,2.2,2.2,260250
8/31/18,2.2,2.3,2.2,2.2,702635
8/30/18,2,2.2,2,2.2,191670
8/29/18,2,2,1.9,1.9,11290
8/28/18,1.9,2,1.9,1.9,3600
8/27/18,2,2,1.9,2,100300
8/24/18,1.9,1.9,1.8,1.9,11920
8/23/18,1.8,2,1.8,1.9,336843
8/21/18,1.8,1.9,1.8,1.8,14150
8/20/18,1.9,1.9,1.8,1.8,482218
8/17/18,1.9,2,1.9,2,385500
8/16/18,1.9,2,1.9,1.9,92920
8/15/18,2,2,1.9,1.9,119210
8/14/18,2.1,2.1,2.1,2.1,559804
8/13/18,2.2,2.2,2.1,2.1,100253
08-10-18,2.2,2.2,2.1,2.1,100987
08-09-18,2.1,2.1,2.1,2.1,6360
08-08-18,2.1,2.1,2.1,2.1,25210
08-07-18,2.2,2.2,2.1,2.1,134430
08-06-18,2.2,2.2,2.1,2.1,8312
08-03-18,2.1,2.2,2.1,2.2,4513
08-02-18,2.1,2.2,2.1,2.1,139937
08-01-18,2.2,2.3,2.1,2.1,548534
7/31/18,2.1,2.2,2.1,2.1,157478
7/30/18,2.2,2.2,2.1,2.1,53873
7/26/18,2.2,2.3,2.1,2.1,104110
7/25/18,2.1,2.3,2.1,2.1,246049
7/24/18,2.2,2.3,2.1,2.2,393972
7/23/18,2.3,2.3,2.2,2.3,424440
7/20/18,2.4,2.4,2.3,2.3,418801
7/19/18,2.4,2.4,2.3,2.3,294094
7/18/18,2.5,2.5,2.3,2.4,63088
7/17/18,2.5,2.5,2.4,2.4,107405
7/16/18,2.6,2.6,2.4,2.4,371156
7/13/18,2.4,2.8,2.4,2.5,4077142
07-12-18,2.4,2.5,2.3,2.3,309641
07-11-18,2.4,2.5,2.3,2.4,142901
07-10-18,2.5,2.5,2.3,2.4,347607
07-09-18,2.5,2.5,2.4,2.4,35814
07-06-18,2.6,2.6,2.5,2.5,50401
07-05-18,2.4,2.6,2.4,2.5,558152
07-04-18,2.4,2.4,2.3,2.4,96391
07-03-18,2.4,2.4,2.4,2.4,138280
07-02-18,2.5,2.5,2.4,2.4,105478
6/29/18,2.4,2.4,2.4,2.4,115686
6/28/18,2.5,2.5,2.4,2.4,148322
6/26/18,2.5,2.5,2.5,2.5,6400
6/25/18,2.5,2.5,2.4,2.4,4700
6/22/18,2.4,2.6,2.4,2.5,31019
6/21/18,2.5,2.5,2.4,2.4,230035
6/20/18,2.5,2.5,2.5,2.5,33265
6/19/18,2.6,2.7,2.5,2.6,443005
6/18/18,2.6,2.6,2.5,2.5,231000
6/14/18,2.6,2.6,2.5,2.5,75466
6/13/18,2.5,2.6,2.5,2.6,1450
06-12-18,2.6,2.6,2.5,2.5,27611
06-11-18,2.5,2.6,2.5,2.5,64516
06-08-18,2.5,2.6,2.4,2.5,340808
06-07-18,2.6,2.7,2.5,2.5,1674660
06-06-18,2.7,2.7,2.6,2.6,209145
06-05-18,2.7,2.7,2.6,2.6,141850
06-04-18,2.7,2.7,2.7,2.7,18850
06-01-18,2.8,2.8,2.7,2.7,49510
5/31/18,2.7,2.7,2.7,2.7,31463
5/30/18,2.8,2.8,2.7,2.7,605000
5/28/18,2.9,2.9,2.8,2.8,778962
5/25/18,2.9,2.9,2.8,2.9,63141
5/24/18,3,3,2.8,2.8,1379719
5/23/18,3,3.1,3,3,3063685
5/22/18,3,3,2.9,2.9,125650
5/21/18,3,3.1,2.9,2.9,689912
5/18/18,3,3,3,3,387550
5/17/18,3.1,3.1,3,3.1,217335
5/16/18,3,3.1,3,3.1,269552
5/15/18,3,3.1,2.9,3,370945
5/14/18,3.2,3.2,3,3,3770074
05-11-18,3.3,3.3,3.1,3.1,1792085
05-10-18,3.1,3.4,3.1,3.2,19745695
05-09-18,2.9,3.1,2.9,3.1,2845832
05-08-18,2.9,2.9,2.9,2.9,231500
05-04-18,3,3,2.9,3,746860
05-03-18,3,3.1,3,3,182028
05-02-18,3,3.1,3,3,1975167
05-01-18,3,3,3,3,158016
4/27/18,3,3.1,3,3,7250850
4/26/18,3,3,2.9,3,4053540
4/25/18,2.8,3,2.8,2.9,2746741
4/24/18,2.9,2.9,2.8,2.9,2766130
4/23/18,2.8,2.9,2.8,2.8,176238
4/20/18,2.9,2.9,2.9,2.9,3
4/19/18,2.9,2.9,2.8,2.9,378322
4/18/18,2.8,2.9,2.8,2.8,532300
4/17/18,2.8,2.8,2.8,2.8,376062
4/16/18,2.8,2.9,2.8,2.8,131521
04-12-18,2.9,2.9,2.8,2.8,1427623
04-11-18,2.9,2.9,2.8,2.8,288317
04-10-18,2.8,2.9,2.8,2.9,3685652
04-09-18,2.8,2.8,2.8,2.8,108720
04-06-18,2.9,2.9,2.8,2.8,1604892
04-05-18,2.8,2.9,2.7,2.8,3450329
04-04-18,2.8,2.8,2.7,2.7,132050
04-03-18,2.7,2.8,2.7,2.7,597077
04-02-18,2.8,2.8,2.7,2.7,209500
3/29/18,2.8,2.8,2.7,2.7,1182340
3/28/18,2.7,2.8,2.6,2.6,172172
3/27/18,2.7,2.8,2.7,2.8,585138
3/26/18,2.7,2.9,2.7,2.8,4624116
3/23/18,2.6,2.7,2.6,2.7,348399
3/22/18,2.7,2.8,2.6,2.7,1051444
3/21/18,2.7,2.7,2.6,2.7,155033
3/20/18,2.6,2.7,2.5,2.6,9183
3/19/18,2.5,2.7,2.5,2.6,66882
3/16/18,2.6,2.7,2.5,2.5,377098
3/15/18,2.7,2.7,2.6,2.6,100808
3/14/18,2.8,2.8,2.6,2.7,422264
3/13/18,2.6,2.8,2.6,2.7,6123151
03-12-18,2.6,2.7,2.4,2.6,755228
03-09-18,2.3,2.7,2.3,2.5,2087834
03-08-18,2.5,2.5,2.4,2.4,62946
03-07-18,2.5,2.5,2.4,2.5,38182
03-06-18,2.5,2.6,2.4,2.4,58705
03-05-18,2.3,2.6,2.3,2.6,203759
03-02-18,2.5,2.5,2.3,2.3,48825
2/28/18,2.5,2.5,2.4,2.4,171006
2/27/18,2.5,2.5,2.4,2.4,47627
2/26/18,2.5,2.5,2.4,2.4,339756
2/23/18,2.5,2.5,2.4,2.4,7950
2/22/18,2.5,2.6,2.5,2.5,22820
2/21/18,2.5,2.5,2.4,2.4,351780
2/20/18,2.5,2.6,2.4,2.5,686215
2/19/18,2.6,2.7,2.6,2.7,177050
2/16/18,2.6,2.6,2.6,2.6,42869
2/15/18,2.7,2.7,2.6,2.6,43110
2/14/18,2.6,2.7,2.6,2.7,381685
02-12-18,2.7,2.8,2.6,2.8,491331
02-09-18,2.8,2.9,2.7,2.8,741315
02-08-18,2.7,2.8,2.6,2.7,680840
02-07-18,2.6,2.6,2.5,2.6,583900
02-06-18,2.6,2.6,2.6,2.6,229109
02-02-18,2.6,2.6,2.4,2.5,626311
02-01-18,2.5,2.7,2.5,2.6,66462
1/30/18,2.5,2.6,2.5,2.5,9520
1/29/18,2.5,2.6,2.5,2.5,8756
1/26/18,2.5,2.5,2.5,2.5,24562
1/25/18,2.5,2.5,2.5,2.5,108032
1/24/18,2.5,2.5,2.5,2.5,13940
1/23/18,2.5,2.6,2.5,2.6,50632
1/22/18,2.5,2.6,2.5,2.6,18941
1/19/18,2.6,2.6,2.5,2.6,34505
1/18/18,2.5,2.6,2.5,2.6,120974
1/17/18,2.5,2.5,2.5,2.5,3220
1/16/18,2.6,2.6,2.5,2.5,152960
01-12-18,2.6,2.7,2.6,2.7,78418
01-11-18,2.6,2.7,2.6,2.6,1301
01-10-18,2.6,2.7,2.6,2.6,67330
01-09-18,2.6,2.6,2.6,2.6,1000
01-08-18,2.7,2.8,2.7,2.7,41400
01-05-18,2.6,2.7,2.6,2.6,184979
01-04-18,2.7,2.7,2.6,2.6,3074
01-03-18,2.7,2.7,2.7,2.7,42240
01-02-18,2.7,2.7,2.6,2.7,115350
12/29/17,2.6,2.6,2.6,2.6,50201
12/28/17,2.7,2.7,2.6,2.6,22000
12/27/17,2.7,2.7,2.6,2.7,1001
12/26/17,2.6,2.6,2.6,2.6,39000
12/22/17,2.6,2.7,2.6,2.6,141428
12/21/17,2.7,2.7,2.6,2.6,50437
12/20/17,2.6,2.6,2.6,2.6,507
12/19/17,2.6,2.7,2.5,2.6,130632
12/18/17,2.6,2.6,2.6,2.6,5400
12/15/17,2.7,2.8,2.7,2.7,166470
12/14/17,2.7,2.7,2.7,2.7,680811
12/13/17,2.6,2.7,2.6,2.6,148303
12-12-17,2.6,2.7,2.6,2.6,541823
12-11-17,2.5,2.6,2.5,2.5,81094
12-08-17,2.6,2.6,2.6,2.6,5
12-07-17,2.5,2.6,2.5,2.6,109550
12-06-17,2.5,2.6,2.5,2.6,337550
12-05-17,2.7,2.7,2.6,2.6,307650
12-04-17,2.7,2.7,2.7,2.7,25000
11/30/17,2.7,2.8,2.7,2.7,84011
11/29/17,2.7,2.8,2.7,2.7,33086
11/28/17,2.7,2.7,2.7,2.7,25210
11/27/17,2.7,2.8,2.7,2.7,21602
11/24/17,2.8,2.8,2.7,2.7,182200
11/23/17,2.8,2.8,2.8,2.8,109240
11/22/17,2.8,2.9,2.8,2.9,124861
11/21/17,2.8,2.9,2.8,2.8,96770
11/20/17,2.9,2.9,2.8,2.8,121553
11/17/17,2.8,2.9,2.8,2.9,35557
11/16/17,2.9,2.9,2.7,2.8,771636
11/15/17,3,3,2.9,2.9,25493
11/14/17,2.9,2.9,2.9,2.9,432220
11/13/17,3,3,2.9,2.9,25000
11-10-17,3,3,3,3,10725
11-09-17,3,3,2.9,2.9,12020
11-08-17,3,3.1,3,3,364011
11-07-17,3.1,3.1,3,3,50686
11-06-17,3.1,3.1,3,3,113900
11-02-17,3.1,3.1,3,3,1861
11-01-17,3.1,3.1,3,3,89757
10/31/17,3,3.1,3,3.1,1962222
10/30/17,3.2,3.2,3,3,367479
10/27/17,3.1,3.1,3,3.1,73619
10/26/17,3.1,3.2,3,3.1,75601
10/25/17,3.2,3.2,3,3,121302
10/24/17,3.1,3.2,3.1,3.1,867374
10/23/17,3.1,3.2,3.1,3.1,417721
10/20/17,3.2,3.2,3.1,3.1,177019
10/19/17,3.2,3.2,3.2,3.2,22300
10/17/17,3.2,3.2,3.2,3.2,25600
10/16/17,3.2,3.3,3.2,3.2,562990
10/13/17,3.2,3.2,3.1,3.1,109141
10-12-17,3.3,3.3,3.1,3.1,362023
10-11-17,3.1,3.3,3.1,3.2,224196
10-10-17,3.1,3.2,3.1,3.2,455135
10-09-17,3.2,3.2,3.1,3.2,145940
10-06-17,3.2,3.3,3.2,3.2,176011
10-04-17,3.3,3.3,3.2,3.2,598469
10-03-17,3.2,3.3,3.2,3.2,350776
10-02-17,3.2,3.4,3.2,3.2,1633194
9/29/17,3.2,3.3,3.1,3.2,785579
9/28/17,3.4,3.5,3.2,3.2,2873596
9/27/17,3,3.4,3,3.3,4326134
9/26/17,3,3.2,3,3.1,74158
9/25/17,3.2,3.2,3,3.1,677881
9/22/17,3.2,3.3,3.1,3.2,59230
9/21/17,3.2,3.2,3.1,3.2,98398
9/20/17,3.2,3.3,3.1,3.2,96649
9/19/17,3.1,3.3,3.1,3.2,347870
9/18/17,3.3,3.3,3.1,3.2,121902
9/15/17,3.2,3.3,3.2,3.2,1307811
9/14/17,3.2,3.3,3.2,3.2,432418
9/13/17,3.3,3.3,3.2,3.2,303485
09-12-17,3.3,3.4,3.3,3.3,581181
09-11-17,3.3,3.4,3.3,3.3,669525
09-08-17,3.1,3.4,3.1,3.3,4941654
09-07-17,2.9,3.2,2.9,3.1,1215928
09-06-17,3.1,3.1,2.9,2.9,128915
09-04-17,3.1,3.1,3,3,712112
8/31/17,3.1,3.1,3,3.1,278457
8/30/17,3.1,3.2,3,3.1,97307
8/29/17,3.1,3.3,3.1,3.1,402543
8/28/17,3.2,3.3,3.1,3.2,574609
8/25/17,3,3.2,3,3.1,1061306
8/24/17,3,3,2.9,2.9,69601
8/23/17,2.9,3.1,2.9,3,825404
8/22/17,3,3.1,3,3,1405449
8/21/17,3.1,3.2,3,3.1,1010439
8/18/17,3.1,3.2,3,3.1,1532561
8/17/17,2.9,3.1,2.9,3,1202268
8/16/17,3,3.1,2.9,2.9,375431
8/15/17,2.9,3,2.9,2.9,25593
8/14/17,3,3.1,2.9,2.9,269657
08-11-17,3,3,2.9,2.9,128232
08-10-17,3,3.1,2.9,3,319580
08-09-17,3,3.1,2.9,3,830366
08-08-17,3.1,3.1,3,3,130201
08-04-17,3.2,3.2,3.1,3.1,613871
08-03-17,3,3.2,3,3.1,107030
08-02-17,3.1,3.1,3,3,32400
08-01-17,3,3.2,3,3.1,101463
7/31/17,3.1,3.2,3.1,3.1,864220
7/28/17,3.1,3.2,3.1,3.2,182463
7/27/17,3.2,3.3,3.1,3.1,348700
7/26/17,3.2,3.3,3.1,3.2,334489
7/25/17,3.2,3.2,3,3.2,1085542
7/24/17,3.3,3.3,3.2,3.2,70580
7/21/17,3.3,3.3,3.2,3.2,647485
7/20/17,3.4,3.4,3.2,3.3,180701
7/19/17,3.3,3.4,3.2,3.3,809742
7/18/17,3.2,3.4,3.2,3.3,998905
7/17/17,3.3,3.3,3.2,3.2,1468211
7/14/17,3.3,3.4,3.3,3.3,706047
7/13/17,3.3,3.4,3.3,3.3,427252
07-12-17,3.3,3.4,3.3,3.3,589544
07-11-17,3.5,3.5,3.2,3.3,2795795
07-10-17,3.5,3.5,3.4,3.4,2448151
07-07-17,3.5,3.5,3.4,3.4,5727957
07-06-17,3.3,3.5,3.3,3.4,3514179
07-05-17,3.5,3.5,3.2,3.3,2100639
07-04-17,3.2,3.5,3.2,3.4,12726800
07-03-17,3.1,3.3,3,3.2,7066998
6/30/17,2.9,3.1,2.9,3,7683500
6/29/17,2.9,3,2.9,2.9,1071873
6/28/17,2.9,2.9,2.9,2.9,2019727
6/27/17,2.9,3,2.9,2.9,987170
6/23/17,2.8,3,2.8,2.9,4468314
6/22/17,2.8,2.8,2.8,2.8,830201
6/21/17,2.8,2.8,2.8,2.8,540668
6/20/17,2.8,2.9,2.8,2.8,116002
6/19/17,2.8,3,2.8,2.9,3363833
6/16/17,2.8,2.9,2.7,2.9,2088626
6/15/17,2.8,2.9,2.8,2.8,1854761
6/14/17,2.7,2.9,2.7,2.8,1244450
6/13/17,2.8,2.9,2.7,2.8,1614836
06-12-17,2.8,2.9,2.8,2.8,1706818
06-09-17,2.9,2.9,2.7,2.7,231494
06-07-17,2.8,3,2.8,2.8,5900646
06-06-17,2.7,2.8,2.5,2.7,2706899
06-05-17,2.8,3,2.6,2.7,17193755
06-02-17,2.4,2.8,2.4,2.7,10352054
06-01-17,2.4,2.6,2.4,2.4,7171102
5/31/17,2.4,2.4,2.3,2.4,707143
5/30/17,2.4,2.4,2.3,2.4,2194105
5/29/17,2.4,2.5,2.3,2.4,3171752
5/26/17,2.3,2.4,2.3,2.4,639121
5/25/17,2.2,2.4,2.2,2.3,2715194
5/24/17,2.1,2.3,2.1,2.2,1378525
5/23/17,2.2,2.2,2.1,2.1,526280
5/22/17,2.3,2.3,2.1,2.2,733541
5/19/17,1.9,2.3,1.9,2.2,23649089
5/18/17,2,2,1.9,1.9,550329
5/17/17,1.9,2,1.9,1.9,713279
5/16/17,1.8,2,1.8,1.9,20120412
5/15/17,1.8,1.8,1.8,1.8,368600
05-12-17,1.8,1.8,1.8,1.8,1649782
05-09-17,1.8,1.8,1.8,1.8,149875
05-08-17,1.8,1.8,1.8,1.8,1092596
05-05-17,1.7,1.9,1.7,1.8,2203700
05-04-17,1.7,1.8,1.6,1.8,1927881
05-03-17,1.7,1.7,1.6,1.7,67856
05-02-17,1.7,1.7,1.6,1.7,1211607
4/28/17,1.6,1.7,1.6,1.7,1820467
4/27/17,1.5,1.6,1.5,1.6,452026
4/26/17,1.6,1.6,1.6,1.6,64320
4/25/17,1.6,1.6,1.6,1.6,152237
4/24/17,1.6,1.7,1.6,1.6,997110
4/21/17,1.6,1.7,1.6,1.6,227314
4/20/17,1.7,1.7,1.6,1.7,2265498
4/19/17,1.6,1.8,1.6,1.7,1501780
4/18/17,1.6,1.7,1.6,1.6,1175392
4/17/17,1.8,1.8,1.6,1.6,1654310
04-12-17,1.4,1.7,1.4,1.7,373105010
04-11-17,1.4,1.4,1.4,1.4,8100
04-07-17,1.4,1.4,1.4,1.4,569566
04-06-17,1.3,1.4,1.3,1.4,2450
04-05-17,1.4,1.4,1.4,1.4,250
04-04-17,1.3,1.4,1.3,1.4,56250
04-03-17,1.4,1.5,1.4,1.4,17512
3/31/17,1.4,1.5,1.3,1.4,31223
3/30/17,1.3,1.4,1.3,1.4,4531446
3/29/17,1.3,1.4,1.3,1.3,17195
3/28/17,1.3,1.4,1.3,1.3,285250
3/27/17,1.3,1.3,1.3,1.3,6299
3/24/17,1.3,1.3,1.3,1.3,945491
3/23/17,1.3,1.3,1.3,1.3,67100
3/22/17,1.3,1.3,1.3,1.3,7000
3/21/17,1.3,1.3,1.3,1.3,190876
3/20/17,1.3,1.3,1.3,1.3,561015
3/17/17,1.2,1.2,1.2,1.2,125399
3/16/17,1.2,1.2,1.2,1.2,79000
3/15/17,1.2,1.3,1.2,1.2,14605
3/14/17,1.2,1.2,1.2,1.2,700
3/13/17,1.2,1.2,1.2,1.2,141814
03-10-17,1.2,1.2,1.2,1.2,72520
03-09-17,1.2,1.3,1.2,1.2,12155
03-08-17,1.3,1.3,1.3,1.3,501
03-07-17,1.2,1.2,1.2,1.2,36700
03-06-17,1.2,1.2,1.2,1.2,2000
03-03-17,1.2,1.3,1.2,1.2,24456
03-02-17,1.2,1.2,1.2,1.2,144699
03-01-17,1.2,1.2,1.2,1.2,44600
2/28/17,1.3,1.3,1.2,1.2,2001
2/27/17,1.2,1.2,1.2,1.2,465001
2/23/17,1.3,1.3,1.2,1.2,37600
2/22/17,1.2,1.3,1.2,1.3,427415
2/21/17,1.3,1.3,1.2,1.3,111173
2/20/17,1.2,1.2,1.2,1.2,10001
2/17/17,1.3,1.3,1.3,1.3,250000
2/16/17,1.3,1.3,1.2,1.3,102200
2/15/17,1.2,1.2,1.2,1.2,1300
2/14/17,1.2,1.2,1.2,1.2,8100
2/13/17,1.2,1.3,1.2,1.3,191596
02-09-17,1.2,1.3,1.2,1.2,51076
02-08-17,1.3,1.3,1.2,1.3,168884
02-07-17,1.2,1.3,1.2,1.3,231087
02-06-17,1.2,1.3,1.2,1.2,14900
02-03-17,1.3,1.3,1.2,1.3,285766
02-02-17,1.3,1.3,1.2,1.3,278834
02-01-17,1.2,1.3,1.2,1.3,6800
1/31/17,1.3,1.4,1.3,1.3,123803
1/30/17,1.3,1.3,1.2,1.3,7615
1/27/17,1.3,1.3,1.3,1.3,50000
1/26/17,1.3,1.3,1.3,1.3,60476
1/25/17,1.4,1.4,1.3,1.3,18176
1/24/17,1.4,1.4,1.3,1.3,32001
1/23/17,1.3,1.3,1.3,1.3,10093
1/20/17,1.3,1.3,1.3,1.3,51569
1/19/17,1.2,1.3,1.2,1.2,28471
1/18/17,1.3,1.3,1.3,1.3,98250
1/17/17,1.3,1.4,1.3,1.3,19600
1/16/17,1.3,1.4,1.3,1.3,78076
1/13/17,1.3,1.3,1.3,1.3,805700
01-11-17,1.4,1.4,1.3,1.3,510121
01-10-17,1.3,1.4,1.3,1.4,62822
01-09-17,1.3,1.4,1.3,1.3,105178
01-06-17,1.3,1.4,1.3,1.3,221616
01-05-17,1.3,1.3,1.3,1.3,37201
01-04-17,1.3,1.3,1.3,1.3,3000
01-03-17,1.4,1.4,1.3,1.4,99705
01-02-17,1.3,1.3,1.3,1.3,26800
