Trade_Date,Open,High,Low,Close,ShareVolume
1/2/2017,145,145,139.8,140,1585492
1/3/2017,140,140,138.1,139,1796527
1/4/2017,139,143,139,140.6,5607796
1/5/2017,141,141,140,140.4,3588777
1/6/2017,140.5,143,140,141,291011
1/9/2017,141.5,143,140.3,141.4,1990002
1/10/2017,142.9,142.9,140.5,140.5,84862
1/11/2017,141,142,140,141.9,6278474
1/13/2017,141.9,141.9,141.6,141.9,6231
1/16/2017,141.9,141.9,141,141,133182
1/17/2017,141.5,141.5,140.9,141,2121361
1/18/2017,141,141,140.6,140.9,12460
1/19/2017,140.6,141,139.9,140,3271104
1/20/2017,140,141,140,140.8,8136
1/23/2017,140.9,140.9,139.5,139.5,595956
1/24/2017,139.5,139.5,138,138.3,78752
1/25/2017,138.9,138.9,137,137.5,287117
1/26/2017,137.6,140,137.6,137.9,338161
1/27/2017,140,141,139.4,140,1264267
1/30/2017,141,141.5,139.9,140,60471
1/31/2017,140,140.9,140,140,2261361
2/1/2017,140,141,140,140.5,227217
2/2/2017,141,141.3,140,141.1,32124
2/3/2017,141.5,142,140,141.2,16754
2/6/2017,141.5,142,140,141.9,595866
2/7/2017,142,144,141.5,143.6,445198
2/8/2017,145,146,144.5,145.5,1082452
2/9/2017,145.9,146.3,145.3,146,2563769
2/13/2017,146,149.9,145.7,148.4,1627691
2/14/2017,146.6,150,146.6,149.9,690385
2/15/2017,149.9,149.9,147,148,4008938
2/16/2017,148.3,148.3,146.8,147.2,600639
2/17/2017,147.5,147.8,147,147,14240
2/20/2017,146,146,144,145.2,4622
2/21/2017,144.7,145,144.3,144.3,9187
2/22/2017,144.2,144.8,142,142.8,353102
2/23/2017,143,143,141,141.7,505059
2/27/2017,142.4,142.4,139.9,140,2097281
2/28/2017,140,144,140,142.3,1050090
3/1/2017,142,142.8,141.5,142,699953
3/2/2017,142,142.5,141.7,141.7,1236308
3/3/2017,141.7,142,141.6,141.7,6156003
3/6/2017,142,142,141.1,141.5,88744
3/7/2017,141.6,142,141.3,141.5,6823
3/8/2017,142,142,141.3,141.6,72737
3/9/2017,141.5,141.5,140,140.1,1291290
3/10/2017,140.5,140.5,139.8,139.9,2715773
3/13/2017,139.6,140,138.1,138.5,102855
3/14/2017,139,139,138,138,1751327
3/15/2017,138,139,137.9,138,136312
3/16/2017,138,139,137.8,138,256280
3/17/2017,137.8,139,137.8,138.1,3260421
3/20/2017,140,140,137.8,138,759605
3/21/2017,138,138,137.8,137.8,1057957
3/22/2017,138,138,134.8,134.9,4450198
3/23/2017,135,135,134.8,134.9,1025184
3/24/2017,135,135,134.9,134.9,3714469
3/27/2017,135,135,134.8,134.9,353175
3/28/2017,135,136.6,133.9,134.9,2631251
3/29/2017,135,138,135,137,427099
3/30/2017,136.8,138,136.2,137,5896955
3/31/2017,137,139.8,137,137.9,1150938
4/3/2017,139,142,138,140.1,4222002
4/4/2017,141.5,144,140.3,143.1,1133365
4/5/2017,143.5,146.5,143,146,1471610
4/6/2017,146.4,148.4,146,148,1449441
4/7/2017,148,149.4,147.3,149,10651905
4/11/2017,149,150.5,149,150,473776
4/12/2017,150,152.4,150,152,7155228
4/17/2017,152.1,152.1,148.9,150.1,324147
4/18/2017,149.5,151.9,149.5,151.7,729376
4/19/2017,151.7,154.9,151.7,154.7,992059
4/20/2017,154.4,155.5,154,155,1677144
4/21/2017,155.3,158.8,155.3,158.4,16729588
4/24/2017,159,159.5,155,157,461691
4/25/2017,156,156,154,155,1015455
4/26/2017,155,157,154.1,156.7,3011949
4/27/2017,156.9,159.6,156.9,159.5,4575584
4/28/2017,159.6,161.5,159.6,161.1,2801539
5/2/2017,161,161.5,160,160.5,444549
5/3/2017,160,160.5,157.5,159.1,134153
5/4/2017,160,163.5,159.9,162.5,384447
5/5/2017,162.5,164,162,163.3,207372
5/8/2017,163,164,163,163.6,176032
5/9/2017,162.5,163.9,162.5,163.3,28258
5/12/2017,163,164.9,163,164.1,905086
5/15/2017,164.5,164.5,163,164.1,453899
5/16/2017,163.1,165.9,163,165.5,931164
5/17/2017,164.2,167.3,164.2,167,5594527
5/18/2017,165.5,166.5,165.5,166,236438
5/19/2017,165.2,169,165.2,168.5,873691
5/22/2017,168.5,168.5,167.1,168,121508
5/23/2017,168,168.5,167,168,239431
5/24/2017,168,170,167.5,170,7791431
5/25/2017,169.8,170,169.5,169.7,204495
5/26/2017,169.8,169.8,168,168.6,14538
5/29/2017,169,169.5,167,167.1,10076
5/30/2017,167.2,167.2,165,167,86962
5/31/2017,167,168.9,167,168,626447
6/1/2017,168.5,169.9,168.5,169,372814
6/2/2017,169.7,169.7,168.5,169.5,373766
6/5/2017,169.5,171,169.4,170.9,629815
6/6/2017,169,170,168.9,169.5,422717
6/7/2017,169,170,169,169.5,1312747
6/9/2017,169.5,169.5,168,168,21646
6/12/2017,167.5,168,165,167,819484
6/13/2017,167.9,169.8,167.1,169.4,3189043
6/14/2017,168.4,175.3,168.4,175.1,2882208
6/15/2017,175,178.5,175,178.2,3103738
6/16/2017,178,180,177,178,1912950
6/19/2017,177.4,177.4,171,172.6,1205363
6/20/2017,174.5,174.5,172.5,172.6,2695416
6/21/2017,172.5,175,172.5,174.7,1241410
6/22/2017,175,176.1,174,175.9,261714
6/23/2017,176.5,179.5,176.5,178,1788278
6/27/2017,175,179,175,178.9,1602122
6/28/2017,179,179.1,178.6,178.9,1635183
6/29/2017,178,178.9,178,178.5,13282
6/30/2017,178.5,179.1,178.5,178.8,1950437
7/3/2017,178.9,179,177.1,178.5,1668734
7/4/2017,177.5,178,176.4,176.5,977607
7/5/2017,177,177.4,175.5,175.6,1610263
7/6/2017,175,178,175,177,354050
7/7/2017,177.8,178.8,177.5,178,574262
7/10/2017,178.8,178.8,178,178.3,247203
7/11/2017,175.1,178.5,175.1,178,433213
7/12/2017,178,178,176,177,137370
7/13/2017,177,177,175,176.8,343577
7/14/2017,176.8,177.4,176.8,177.2,708652
7/17/2017,177.4,177.5,175.1,177,1571040
7/18/2017,176.6,176.9,176,176,332171
7/19/2017,176,176,174.9,175,152714
7/20/2017,175,175,174,174,1728977
7/21/2017,174,174,172.1,172.2,795340
7/24/2017,172.2,173,171,172.2,1744116
7/25/2017,172,174,171.5,172.5,57559
7/26/2017,172.7,174.2,172.7,173.9,27599
7/27/2017,173,174.1,173,174,19099
7/28/2017,174,174.5,173.5,174,126226
7/31/2017,174,174,172.3,173.8,580293
8/1/2017,174,174,172,172.5,2869507
8/2/2017,172.5,172.5,171,172,3350327
8/3/2017,172,172,170.2,170.8,12306
8/4/2017,171,171,169.5,169.8,123687
8/8/2017,169.1,169.1,164,165,478718
8/9/2017,165,165,164,164.9,2668833
8/10/2017,164.9,165,163.5,163.8,178637
8/11/2017,163.8,163.8,162,163,1112374
8/14/2017,165,168.5,163,165,875278
8/15/2017,165,165,160.5,160.8,712035
8/16/2017,161,161,159.9,160,1416601
8/17/2017,160.9,163,160.8,161.5,358961
8/18/2017,162,164.5,161.5,162,314572
8/21/2017,162.3,162.3,161,161.1,217116
8/22/2017,160.8,161,159.7,159.9,818010
8/23/2017,160,162,158.2,158.5,321917
8/24/2017,158.5,160,158,158.3,809029
8/25/2017,157.9,161.9,157.9,161.6,98099
8/28/2017,162,162.7,161.3,162.1,27751
8/29/2017,162.5,162.5,161.6,161.7,2277618
8/30/2017,161.7,165,161.6,161.9,1367708
8/31/2017,165,165,162,162,1105145
9/4/2017,162,164.6,161.9,162,334283
9/6/2017,162,163,161.8,162.1,234807
9/7/2017,161.8,162,159,160.4,248371
9/8/2017,160.9,160.9,160,160.4,1355761
9/11/2017,160,160.5,159.9,160.5,776087
9/12/2017,160,161,159.9,160.6,1842595
9/13/2017,160,162,160,161,904555
9/14/2017,161,162,160.5,161.8,127183
9/15/2017,162,163.1,161.5,163,1538574
9/18/2017,163.1,165,163,164.9,775460
9/19/2017,165.2,165.5,164.9,165.2,4387738
9/20/2017,165.5,166,165.2,165.5,4746119
9/21/2017,165.4,165.7,165,165.5,1047887
9/22/2017,165.5,165.5,162.5,163.1,9865
9/25/2017,162.6,163,162,162.1,1368609
9/26/2017,162.5,163.4,162,162.7,133591
9/27/2017,163.4,164,163,163,336019
9/28/2017,162.6,163.2,162.5,163,897503
9/29/2017,163,163,162.5,162.5,169260
10/2/2017,163.5,164.4,163.5,164,83383
10/3/2017,164.4,166.1,164.2,165,492394
10/4/2017,164,165.4,163,164.7,29221
10/6/2017,165,165.6,165,165,329227
10/9/2017,163.1,165,163.1,164.5,11690
10/10/2017,164,165,163,164.5,5482600
10/11/2017,163,164,163,163,1245153
10/12/2017,163,164.5,163,163,1354102
10/13/2017,163,164,162.5,163.3,755399
10/16/2017,164.9,164.9,162.5,163,275916
10/17/2017,163,164,162.5,162.9,79697
10/19/2017,162.4,164,161,163,1717002
10/20/2017,163,163,161.9,162.5,50338
10/23/2017,163,163,161.9,162,362501
10/24/2017,162,162,161,161.3,23495
10/25/2017,160.6,160.6,159.5,159.9,1193123
10/26/2017,160,162,160,161,640416
10/27/2017,161.2,161.2,160.3,161,48358
10/30/2017,161,161,160.3,161,2231483
10/31/2017,161.7,161.7,158,159.6,216057
11/1/2017,158,161,158,160.6,2300612
11/2/2017,161,161.5,160,161.1,446980
11/6/2017,161,161,159.9,160,1270446
11/7/2017,160,161,160,160,14622
11/8/2017,160,160,159,159.2,699061
11/9/2017,159.2,159.5,158.9,159.4,403044
11/10/2017,160,160,158.8,159,6396
11/13/2017,159.4,160,157.8,158.1,40956
11/14/2017,158,158,154,154.8,208954
11/15/2017,153.6,153.6,149,149.9,5123657
11/16/2017,150,152.5,150,150.6,2254735
11/17/2017,153.6,154.5,152,154,325574
11/20/2017,154.2,154.8,153,153,1347742
11/21/2017,153,153,152,152,636040
11/22/2017,153.8,153.8,153,153.1,413578
11/23/2017,153.1,154.8,153.1,153.5,33744
11/24/2017,154,154,153.5,153.5,177028
11/27/2017,154,154,153.5,153.9,108673
11/28/2017,153.6,154.5,153.5,154.2,310468
11/29/2017,154.5,156,154.5,155,1161579
11/30/2017,155,155.4,154.3,155,131419
12/4/2017,155.1,155.1,154.9,155,1607405
12/5/2017,155,155.3,154.1,155.1,609965
12/6/2017,155,155,154.5,154.6,938886
12/7/2017,155,155,154.1,154.5,3000617
12/8/2017,154.5,154.5,152,152.9,597
12/11/2017,153,153,149,150.2,356136
12/12/2017,149.7,149.7,148.5,149,344529
12/13/2017,149,149,148.5,148.9,1041338
12/14/2017,148.5,148.5,145,148,4816926
12/15/2017,148.5,150,148.5,149,94491
12/18/2017,149,150,148.5,149,905907
12/19/2017,148.8,148.9,147.6,147.9,47849
12/20/2017,147.6,148,147.2,147.8,743054
12/21/2017,150,150,147,147,191833
12/22/2017,147.5,148,146,146.2,112059
12/26/2017,147.5,148,147.5,147.8,1647
12/27/2017,148,148,147.5,147.6,3899
12/28/2017,147.3,148.5,147.2,148,17930
12/29/2017,148,148.7,147.6,148.5,328259
1/2/2018,148.7,150.2,148.5,150,494463
1/3/2018,150,156.5,150,155.5,1321405
1/4/2018,156,156,155,156,628634
1/5/2018,156.5,160,156.5,160,1973381
1/8/2018,160,167,160,165,334049
1/9/2018,160.3,165,160.3,163.9,1742696
1/10/2018,164,164.3,160.5,164,201648
1/11/2018,160.5,163.5,160.5,162.5,1296677
1/12/2018,162.5,162.5,155.2,158.1,2617674
1/16/2018,159,160,157,158.3,50094
1/17/2018,159,160,158.1,160,991426
1/18/2018,160,161.9,159.9,160,2189571
1/19/2018,160,164.7,160,164,593976
1/22/2018,164,165,161.4,164.8,1575761
1/23/2018,164,166,164,165.3,7834747
1/24/2018,164,166.4,164,165.6,158456
1/25/2018,165,166,163,165.9,142664
1/26/2018,161,166,161,165.7,158647
1/29/2018,165,165.7,163,163,42387
1/30/2018,161,165,160,164.8,536118
2/1/2018,164,164.4,163.2,164.3,366439
2/2/2018,164.9,164.9,160,160,294476
2/6/2018,160,160,158,158.5,814524
2/7/2018,158.5,158.5,157.1,157.5,469971
2/8/2018,158,158.4,157.5,158.3,366664
2/9/2018,158.3,158.5,158.3,158.5,66607
2/12/2018,158.5,160,155,155.3,83497
2/14/2018,155.2,157.9,155,156.8,411973
2/15/2018,157.1,158,156,157.9,225554
2/16/2018,158,159.8,157,158,47114
2/19/2018,158,158,158,158,17091
2/20/2018,159,160,158,159,1519841
2/21/2018,159.9,160.1,159.3,159.8,25036
2/22/2018,159.4,159.8,158.5,159,661073
2/23/2018,159,160.3,158.5,160,367769
2/26/2018,160,160.1,159,159.6,44884
2/27/2018,159.6,160.3,159.6,160,84348
2/28/2018,160,160.6,160,160.2,2746148
3/2/2018,161,163.1,161,163,332614
3/5/2018,163,164.9,162.5,164,849161
3/6/2018,164,164,162.5,162.8,723129
3/7/2018,162.9,162.9,160.5,160.8,167446
3/8/2018,161,163,161,163,647865
3/9/2018,163,164.6,163,163.8,421606
3/12/2018,163.2,163.2,161.5,162.1,328728
3/13/2018,162,163,161,162,3699944
3/14/2018,162.5,162.5,162,162.5,462532
3/15/2018,162,163.9,162,163,1441303
3/16/2018,163.8,164.8,163.8,164.5,795236
3/19/2018,164.5,164.5,162,164.5,29
3/20/2018,162,162,159.5,160.3,6836
3/21/2018,160,160,157.5,158.5,289130
3/22/2018,159.9,159.9,158.5,159,1704502
3/23/2018,159.5,159.5,158.2,158.5,190977
3/26/2018,158.5,160,158.5,159.7,1252698
3/27/2018,158.5,160.9,158.5,159,449930
3/28/2018,158.9,159.5,158.9,159,903578
3/29/2018,159.8,160,159,159.6,10320
4/2/2018,160,160,159.3,159.3,8685
4/3/2018,159.5,160,159.5,159.7,80280
4/4/2018,159.5,160,159.5,160,11916
4/5/2018,160,160,159.5,159.5,199739
4/6/2018,159.3,159.5,159,159,24236
4/9/2018,159.5,159.5,157.6,157.9,1516865
4/10/2018,158,158.5,157.9,158,1139942
4/11/2018,158,159,158,158.1,387
4/12/2018,159,159,158.1,158.9,168
4/16/2018,159,159,158.5,159,45873
4/17/2018,160,160,159,159.5,86128
4/18/2018,159.5,160.5,159.5,160.2,75148
4/19/2018,159.6,160.2,159.5,160,70335
4/20/2018,160,160.2,160,160,2831
4/23/2018,160,160.7,160,160.5,44236
4/24/2018,160.6,161.5,160.1,161.4,54815
4/25/2018,160.2,164.6,160,164.5,787959
4/26/2018,164.5,164.8,163.5,164.6,74066
4/27/2018,164.5,164.6,164,164.5,3476581
5/1/2018,164.5,164.5,163.5,163.9,1476
5/2/2018,164,164.3,164,164.2,400874
5/3/2018,164,164.3,164,164.1,524565
5/4/2018,164.1,164.1,163.5,164,952122
5/8/2018,163,163.9,163,163,1386551
5/9/2018,163,163,162,162.5,1852112
5/10/2018,162.1,163,135,162.3,726343
5/11/2018,162.5,162.5,162,162,543036
5/14/2018,160.5,162.5,160,160,727626
5/15/2018,159.2,160,159.2,160,5685
5/16/2018,160,160,158.5,159,237379
5/17/2018,159,159,157.5,157.7,707946
5/18/2018,158,162,158,161.9,1413277
5/21/2018,161,162,159,160.9,432599
5/22/2018,161.5,161.5,159,160,1051748
5/23/2018,161.5,161.5,159,159,3668
5/24/2018,158.5,159.1,157.8,158,329538
5/25/2018,159.9,159.9,157,157.1,1249359
5/28/2018,159.9,159.9,157,157,69053
5/30/2018,158,158,153,153.6,5553975
5/31/2018,152.6,152.7,149.1,150,9942957
6/1/2018,152,158,152,156,1048682
6/4/2018,155,156.8,155,156,2616226
6/5/2018,156.9,159.9,156.9,159,911073
6/6/2018,158,158,156.2,158,1191926
6/7/2018,156.5,157.9,156,156.8,414800
6/8/2018,155.5,157,155.5,156.1,142458
6/11/2018,156.1,157,156,156.5,8374
6/12/2018,156.5,156.5,156,156.5,108846
6/13/2018,156.8,156.9,156.1,156.2,112228
6/14/2018,156.3,156.3,156,156,148788
6/18/2018,156,156.5,155,155,2318809
6/19/2018,155.9,156,150,150.1,2260719
6/20/2018,150.2,153.5,150,150.1,541149
6/21/2018,153.5,153.5,149.1,150,417217
6/22/2018,150,152,150,150,474039
6/25/2018,151.9,152,149.8,150,82746
6/26/2018,150,150,147.9,148,1498754
6/28/2018,148,149.4,147,147,4499157
6/29/2018,147.9,148,147.3,147.5,536937
7/2/2018,147.5,147.8,144.5,144.7,270655
7/3/2018,144.7,146,139,139.8,1320355
7/4/2018,140,140,137.8,138,732557
7/5/2018,138,141.9,137.9,140,887666
7/6/2018,142,143,141.8,142,1870966
7/9/2018,143,143.9,141,142,158786
7/10/2018,141.9,142.5,141.8,142,223628
7/11/2018,142,142.1,141.6,142,154279
7/12/2018,142,142,141.5,141.5,657733
7/13/2018,142,142,141.5,142,858147
7/16/2018,141.6,144.9,141.6,144.6,1399748
7/17/2018,145,149,145,149,624315
7/18/2018,149,149,146.1,147.3,104063
7/19/2018,147.3,149.5,147.3,149.5,1280311
7/20/2018,149.5,149.8,148,148.1,131417
7/23/2018,148,148,147,147,15523
7/24/2018,147.5,147.5,146,146,494512
7/25/2018,146,146,144.5,144.7,16353
7/26/2018,145,145,141.9,142,919083
7/30/2018,142,142,139,139.9,456026
7/31/2018,140,140,139.6,139.7,340067
8/1/2018,139.9,139.9,136,136.1,451743
8/2/2018,137,139,137,138.5,92260
8/3/2018,138.6,138.6,137.5,138,262934
8/6/2018,138,139,137.8,138,887393
8/7/2018,138,138,136,136.5,7852484
8/8/2018,136.5,141,136.5,141,487283
8/9/2018,141,144.5,141,144.3,667364
8/10/2018,144.5,145.9,143.5,144.9,990457
8/13/2018,143.1,144.8,140,141.9,371877
8/14/2018,141.1,141.1,138,140.5,1254126
8/15/2018,140,140.4,139,139.9,1106319
8/16/2018,139.9,139.9,138,138.2,4104493
8/17/2018,139.7,139.7,138,138,1436101
8/20/2018,139.5,139.5,137.7,137.9,253662
8/21/2018,138.1,139.5,138,138.5,1015930
8/23/2018,139,142,139,139.7,2281489
8/24/2018,140,140,138.5,139,252425
8/27/2018,138.5,139,138.5,139,41456
8/28/2018,139,139,138,138.1,20235
8/29/2018,140,141,138.2,140,4948160
8/30/2018,141,141,140,140,918191
8/31/2018,140,141,139.8,140,786130
9/3/2018,140,140,139.5,139.5,43384
9/4/2018,139.8,139.8,137.5,137.9,278535
9/5/2018,141,141,137,137.4,850639
9/6/2018,139.5,139.9,139.5,139.8,211
9/7/2018,138,139.8,138,138.2,713220
9/10/2018,138.1,139,137.2,137.2,1382020
9/11/2018,137.5,138.9,137,137,23005
9/12/2018,137,139,135.7,135.9,929943
9/13/2018,136,138,135,135.1,358848
9/14/2018,135,136,133.5,133.7,2781077
9/17/2018,135.1,135.2,134,134.6,41825
9/18/2018,134.8,134.8,131,131.9,2539212
9/19/2018,132,134.4,132,133.5,939719
9/20/2018,134,134,128.9,129,2181867
9/21/2018,129.9,130,127,129.5,2145623
9/25/2018,132,132,127.1,128.1,336674
9/26/2018,128,133,128,133,36556
9/27/2018,133.5,134,132,132,741479
9/28/2018,132.9,133.5,131,131.5,3314293
10/1/2018,131.6,133,131.5,131.6,4110
10/2/2018,131.4,132,131,131.4,464286
10/3/2018,132.3,133.5,131.5,132.3,4963560
10/4/2018,132.6,134.4,132,132.6,1060975
10/5/2018,133.9,134,133,133.9,1327624
10/8/2018,133.5,135,133,133.5,150606
10/9/2018,132,134.5,132,132,1446723
10/10/2018,131.9,133,131.7,131.9,133333
10/11/2018,130,132,130,130,27491
10/12/2018,128.1,131,127,128.1,188256
10/15/2018,126,129,126,126,687098
10/16/2018,129,130.9,126,129,10139863
10/17/2018,129.3,134.9,129.1,129.3,538440
10/18/2018,131,133,130.9,131,552414
10/19/2018,129.5,132.5,129.5,129.5,71999
10/22/2018,130.8,132,129,130.8,432113
10/23/2018,133.3,133.9,130,133.3,925147
10/25/2018,135.5,136.2,133.8,135.5,8468324
10/26/2018,140.1,141,136,140.1,1081817
10/29/2018,141.9,144,140.4,141.9,21108370
10/30/2018,147.9,149,144,147.9,1283414
10/31/2018,149.7,151.5,146,149.7,2961188
11/1/2018,154.4,154.8,150,154.4,1358052
11/2/2018,151,155.1,150,151,2488900
11/5/2018,150,151,149.3,150,23690796
11/7/2018,145,150,144,145,2101309
11/8/2018,142.5,144.1,141,142.5,4931395
11/9/2018,145,145.4,142.5,145,4391647
11/12/2018,151,152,149.9,151,1027324
11/13/2018,152.3,153,150.7,152.3,225278
11/14/2018,152.2,152.5,148,152.2,192896
11/15/2018,152.3,152.5,151.5,152.3,158499
11/16/2018,152.9,153,152,152.9,519884
11/19/2018,153.1,155,152.5,153.1,376096
11/21/2018,154,154.1,153,154,979621
11/23/2018,154.1,155,154,154.1,1425759
11/26/2018,156,157,154,156,1068224
11/27/2018,158.2,159.2,155.1,158.2,795914
11/28/2018,158,159,158,158,425139
11/29/2018,159.1,159.2,157,159.1,2179622
11/30/2018,160.5,161,159.1,160.5,5145227
12/3/2018,160.8,161.5,160,160.8,868633
12/4/2018,160.2,161,160,160.2,2552833
12/5/2018,160,160.5,160,160,2268774
12/6/2018,161.1,161.2,159.5,161.1,1306567
12/7/2018,161,161.9,161,161,1464874
12/10/2018,160,161.5,160,160,2032586
12/11/2018,160,160,159,160,783311
12/12/2018,160,160,158,160,1698240
12/13/2018,160.1,161,160,160.1,85047
12/14/2018,160.5,160.6,160,160.5,328732
12/17/2018,160.9,161,160.1,160.9,408131
12/18/2018,160,161,160,160,4399816
12/19/2018,160.8,160.9,160,160.8,2326837
12/20/2018,160,160.9,159.9,160,16143512
12/21/2018,157,160,157,157,930125
12/24/2018,156.8,158,156.8,156.8,6164
12/26/2018,155.9,156.9,150.2,155.9,13069
12/27/2018,155,156,155,155,95607
12/28/2018,156,156.6,155,156,874678
12/31/2018,159.7,160,155,159.7,205310
1/2/2019,158,159,158,158,2223
1/3/2019,157,158,157,157,1016548
1/4/2019,157.5,157.9,155.1,157.5,1334
1/7/2019,155,157,155,155,1282390
1/8/2019,154,155,152.5,154,3205464
1/9/2019,153.1,155,153,153.1,56062
1/10/2019,153,154,152,153,1399242
1/11/2019,153,155,152.4,153,1149202
1/14/2019,153,155,152.3,153,2855330
1/16/2019,152.1,154,152.1,152.1,5036736
1/17/2019,154.5,155,152,154.5,280056
1/18/2019,154.5,155,154,154.5,3168886
1/21/2019,154.5,155,154,154.5,3002653
1/22/2019,152,154.5,152,152,67237
1/23/2019,153,154,152,153,7794
1/24/2019,153.1,154,152,153.1,333440
1/25/2019,154.5,157,153.9,154.5,1757122
1/28/2019,157,157.5,155,157,123748
1/29/2019,159.3,159.6,157,159.3,91073
1/30/2019,158.3,158.3,157.5,158.3,925090
1/31/2019,157.9,158,155,157.9,218914
2/1/2019,156,158,156,156,1264048
2/5/2019,156,156.1,155.5,156,1628304
2/6/2019,156.9,158,156,156.9,7714
2/7/2019,156,158,156,156,4447369
2/8/2019,156,158,156,156,503488
2/11/2019,157.7,157.9,156,157.7,8363665
2/12/2019,154.7,157.7,154,154.7,1016556
2/13/2019,154,154.5,154,154,320477
2/14/2019,153.5,154.5,153.5,153.5,11237
2/15/2019,153.1,154,152.7,153.1,5155234
2/18/2019,153,154,153,153,37359
2/20/2019,154,154.8,153,154,397375
2/21/2019,153,154.5,153,153,9514
2/22/2019,154.5,156,153,154.5,188238
2/25/2019,154.8,156,153,154.8,638399
2/26/2019,155.1,155.9,153,155.1,115206
2/27/2019,158,158,155,158,146064
2/28/2019,159.5,159.5,158,159.5,5850209
3/1/2019,155,159,155,155,161973
3/5/2019,157,158,156,157,4528154
3/6/2019,156.5,156.9,155,156.5,2004766
3/7/2019,156.5,156.5,156,156.5,2747734
3/8/2019,155.1,156.1,155.1,155.1,249220
3/11/2019,155,157,155,155,311146
3/12/2019,154,155,152,154,232781
3/13/2019,150.1,154,150,150.1,78463
3/14/2019,152,153,150,152,838702
3/15/2019,151,152,150.5,151,1711001
3/18/2019,150.5,151.9,150.5,150.5,144325
3/19/2019,152,152,150.1,151.5,326032
3/21/2019,151.9,151.9,150.5,150.5,14491
3/22/2019,151.9,151.9,150.2,150.5,496930
3/25/2019,150.5,150.5,150,150,492985
3/26/2019,150,150.4,148.3,150,470385
3/27/2019,150.5,153,150,150.8,123003
3/28/2019,154,157,154,156,1126796
3/29/2019,156,156.9,156,156,577501
4/1/2019,156,156,154.7,155,2351604
4/2/2019,154,155,154,155,240795
4/3/2019,155,155,152.5,154.5,805305
4/4/2019,154.5,155,154,155,2207460
4/5/2019,153,154.9,153,154,119536
4/8/2019,154,154,151,151,635493
4/9/2019,151,153,151,152.5,812
4/10/2019,154,154,151.5,151.9,451690
4/11/2019,153,153,151.5,151.5,822745
4/12/2019,151.5,153,151,153,26762
4/16/2019,151,154,151,153,211845
4/17/2019,153,153,152.5,152.5,241658
4/18/2019,152.5,152.5,151.5,152,106821
4/23/2019,150,150,140,140.3,778873
4/24/2019,140,144,139.9,140,12517600
4/25/2019,140,144,139.9,140,2175606
4/26/2019,143.9,143.9,143,143.5,6595
4/29/2019,144,146.5,144,146.5,286244
4/30/2019,146.7,150,146.7,149.7,207418
5/2/2019,149.8,149.8,146,147,180888
5/3/2019,147.9,147.9,145,145,24665
5/6/2019,145,145,139.5,139.5,1293551
5/7/2019,140,140,138.2,138.4,178959
5/8/2019,140,140,137.6,138,617954
5/9/2019,137.8,138,136.5,137,85393
5/10/2019,137.9,137.9,136.9,137.1,248437
5/13/2019,137.4,140,136,136,356656
5/14/2019,136,136,134.8,135,2052594
5/15/2019,135,135.5,134.9,135.5,1733329
5/16/2019,135.2,137.5,135.2,136,3154893
5/17/2019,137.5,137.5,136,136,5875848
5/21/2019,137.5,140,137.5,138.2,68544
5/22/2019,140,140,139,139,97084
5/23/2019,139.9,139.9,138.4,138.5,14990
5/24/2019,139.7,139.7,138,138,1303062
5/27/2019,137.9,138.1,137,137.5,2699921
5/28/2019,137.2,139,136.9,138.5,2249339
5/29/2019,139,139.5,138,138.9,307426
5/30/2019,139,139.6,137.9,138,298607
5/31/2019,138,138.9,137.2,137.3,107940
6/3/2019,137.5,137.5,135.6,136,741106
6/4/2019,136,136.5,135.8,136.1,49080
6/6/2019,137,137,136.2,136.2,73237
6/7/2019,139,140,138,138.6,19853
6/10/2019,138.1,141,138.1,141,14064
6/11/2019,140.2,141,140,140.1,59543
6/12/2019,141,141,139.8,140,40535
6/13/2019,140,140,139,139.4,24211
6/14/2019,140,140,138,138.3,5171
6/17/2019,139.8,139.9,138.7,139,32221
6/18/2019,138.3,141,138.3,140.3,175452
6/19/2019,141,141.5,140.5,141,1458878
6/20/2019,140.5,141,137.5,137.7,149082
6/21/2019,137.9,140.4,137.9,138.7,4855
6/24/2019,140,140,139.6,139.8,36902
6/25/2019,140,140,138.1,138.6,27092
6/26/2019,140,140,138.3,139,300
6/27/2019,140,140,138,138,522696
6/28/2019,138,139.8,138,138.7,128368
7/1/2019,140,141,139.9,141,25415
7/2/2019,141,141.9,140,141.5,12679
7/3/2019,141.3,144,141.3,143.3,63006
7/4/2019,143.9,146,143.9,145.1,1720484
7/5/2019,145.9,145.1,145,145.6,1488830
7/8/2019,146.9,146.9,142.8,143,201213
7/9/2019,143,143,139.9,140,173074
7/10/2019,140,144,139,140.2,1986799
7/11/2019,143,145.2,141,145,311116
7/12/2019,144,145.9,143.5,145.1,244544
7/15/2019,145,147,145,145.6,248507
7/17/2019,145,148.3,145,148.1,387570
7/18/2019,148,152.4,148,151,139159
7/19/2019,150.9,153,150,150,626896
7/22/2019,151,151,147,147.3,67492
7/23/2019,147.4,151,147.4,150,112713
7/24/2019,151,152,149,151.8,236996
7/25/2019,152.9,154.9,150.1,151,91953
7/26/2019,150,150,148.5,149,883839
7/29/2019,149.9,151.9,148,151,63578
7/30/2019,151.1,154,150,150.7,6862808
7/31/2019,151,152.1,150.5,151,686446
8/1/2019,150.6,151,149,150,22389
8/2/2019,149.1,150,146.5,147,2028662
8/5/2019,149,149,147,147,1077500
8/6/2019,146.5,147,145.5,145.9,383174
8/7/2019,145.5,147,145.5,146.1,275630
8/8/2019,147.5,150,147.5,148,314610
8/9/2019,149,150,150,150,694548
8/13/2019,151,153,150,150.3,12412077
8/15/2019,150,150,148,148,4005492
8/16/2019,148.1,150.3,148.1,150.2,60273
8/19/2019,150.1,150.1,149,150,286928
8/20/2019,150,152.8,150,152.1,152171
8/21/2019,152,154.2,152,153,1401349
8/22/2019,153,153,151,151.6,814280
8/23/2019,153,153.3,152,153.1,42486
8/26/2019,151.9,154,151.6,153.4,101690
8/27/2019,153.1,156.1,153.1,156,1007040
8/28/2019,156.1,158.8,156.1,158,770159
8/29/2019,158.5,158.5,155.7,156,918711
8/30/2019,156,156,153,153.2,265701
9/2/2019,155,155,151.1,151.9,87162
9/3/2019,151.5,153.9,151.1,152.2,63766
9/4/2019,152,152,151.5,151.7,400428
9/5/2019,151.7,152,151.5,151.6,7175
9/6/2019,152,152,150.5,151.1,62112
9/9/2019,150.5,154,150.5,153.6,30251
9/10/2019,152,155,152,154,57366
9/11/2019,153.5,155,153.1,154.5,263964
9/12/2019,155,155.5,155,155,1456095
9/16/2019,155,155,152,152,2299444
9/17/2019,153,153,151,151,79044
9/18/2019,151,150,150,151,2309170
9/19/2019,152,153.5,151,151.4,140812
9/20/2019,151,151,150,150.1,171138
9/23/2019,150.2,152.5,150.2,151.8,1995390
9/24/2019,150.5,153.5,150.6,152.9,447118
9/25/2019,150.6,154,150.6,152,2013
9/26/2019,153,155,153,154.9,172321
9/27/2019,155,155.6,155,155.4,393309
9/30/2019,155,156.5,153,153.8,1477342
10/1/2019,154,154.2,154,154,2395
10/2/2019,156,156,152.1,153,166095
10/3/2019,154,154,151,151.5,345921
10/4/2019,151.5,152,151.5,152,3016977
10/7/2019,152.5,153,151.6,152,144659
10/8/2019,152,154,152,153.9,515913
10/9/2019,154,156.9,154,156.7,354993
10/10/2019,157,157.9,155,156,562887
10/11/2019,157,157,156,156,28370
10/14/2019,157,157.4,156,157,154981
10/15/2019,157.1,157.8,156,157,35522
10/16/2019,157,158.5,157,158.2,86242
10/17/2019,158,158.1,157.5,158,196332
10/18/2019,158.7,159.1,157.5,159,676027
10/21/2019,159.4,159.9,159,159.6,2485153
10/22/2019,159.5,160,159,159.4,1001300
10/23/2019,159.3,159.3,158,158.1,3588
10/24/2019,158.5,159,158,158.5,273497
10/25/2019,158.5,158.5,157,157,51792
10/29/2019,157,158,156.1,156.5,54436
10/30/2019,156.6,158,156.6,157.5,68331
10/31/2019,158,158,156.5,157,2391742
11/1/2019,156.6,157,156.6,157,2585277
11/4/2019,158,158,155,155,1382816
11/5/2019,158,158,154,154,10099047
11/6/2019,154,155,153,154.1,1824268
11/7/2019,154.5,154.5,153.5,153.5,198365
11/8/2019,154,155,153.3,154,378465
11/13/2019,154.2,157,154,154.5,8720753
11/14/2019,156.9,156.9,154.1,154.9,154402
11/15/2019,155,158.8,154.7,158.2,177542
11/18/2019,162,166,162,164,1110929
11/19/2019,164,164.5,163.5,164.1,256498
11/20/2019,164.1,164.1,160,160,3787378
11/21/2019,160,161,159.8,160,1349673
11/22/2019,163,163,160.1,160.5,112464
11/25/2019,161.7,161.7,160,161,241318
11/26/2019,160.5,164,160,161.7,305095
11/27/2019,163,164,162,163.5,53710
11/28/2019,165,168.5,165,167.4,1094782
11/29/2019,166.5,172,166.5,169,1198891
12/2/2019,169,170,168.5,169,77598
12/3/2019,169.2,170.4,169,170.1,788117
12/4/2019,170,170,169,169,173721
12/5/2019,168,169.5,168,169,1496528
12/6/2019,169.5,169.5,168,168.8,337972
12/9/2019,168,168,164,164.7,133231
12/10/2019,164,164,160,160.4,2478912
12/12/2019,161,162.5,160.1,160.5,93256
12/13/2019,163.5,164.5,162,162.3,2661
12/16/2019,162.3,163,162.1,162.3,171691
12/17/2019,162.3,163,162.1,162.5,325724
12/18/2019,163,165,160.5,164.3,25950
12/19/2019,165,165,164,164.7,1514143
12/20/2019,164.7,165,164.1,164.5,2031511
12/23/2019,164,165.7,164,164.6,1135386
12/24/2019,164.5,165,164,165,15217
12/26/2019,164.5,166,164.5,165,19516
12/27/2019,165.5,166.4,165,165,165125
12/30/2019,165,167,164,166.5,684013
12/31/2019,166.5,168.8,166.5,167.6,155680
1/2/2020,167,167,163.5,163.9,85347
1/3/2020,163.2,165,163.2,164.1,19847
1/6/2020,167,167,161.5,162.1,100582
1/7/2020,165,165,162.1,162.9,433671
1/8/2020,162.5,164,161,161.1,161370
1/9/2020,162,166,161,162.8,144417389
1/13/2020,164,165.9,162.5,163.5,2978825
1/14/2020,164.9,168,164.5,166,276260
1/16/2020,168,168,163.8,164,27613
1/17/2020,165.5,165.5,163,163.1,364061
1/20/2020,163,163.9,163,163.1,304228
1/21/2020,163,166,163,165.9,93549
1/22/2020,165,168.8,165,167.3,666670
1/23/2020,167,167.8,167,167,74553
1/24/2020,166,167.4,166,167,160202
1/27/2020,167,167,163.5,163.9,22274
1/28/2020,163.5,163.5,160.5,160.5,329246
1/29/2020,163.5,163.5,161,161,670314
1/30/2020,162,163,161.5,162.1,119117
1/31/2020,163.9,163.9,162,162.1,419924
2/3/2020,162.1,162.1,161.5,161.9,282186
2/5/2020,161.7,162,160.1,161,109541
2/6/2020,161,161,160.1,160.6,546267
2/7/2020,160.1,161.5,160.1,161.5,384864
2/10/2020,160,161,159.9,160,84101
2/11/2020,160,160,157.5,157.6,249328
2/12/2020,157.8,158,156.9,156.9,387940
2/13/2020,156.9,157,155.9,156,759872
2/14/2020,156,156,154.8,155,946793
2/17/2020,157,157,154.1,154.8,205798
2/18/2020,155,157.5,154.7,155.3,146029
2/19/2020,157.5,157.5,156,156.2,2541
2/20/2020,156.3,156.3,155.4,155.5,186645
2/24/2020,157.5,157.5,152,152.6,278284
2/25/2020,152.3,152.3,148.6,149.9,697037
2/26/2020,152,152,148.6,149,165836
2/27/2020,149,149.8,148,149,212897
2/28/2020,149.9,149.9,145,146,329604
3/2/2020,145.1,148.5,145.1,148.2,7901
3/3/2020,148.5,150,148,150,325075
3/4/2020,149.1,150,147,147.5,250294
3/5/2020,150,150,144.5,144.8,535726
3/6/2020,144.9,144.9,140,140.1,2506362
3/10/2020,138.1,138.1,130,133,1767127
3/11/2020,134,138,133,136,197650
3/12/2020,136,136,129.7,131.3,504974
3/13/2020,130,130,123.7,125.7,2251173
3/20/2020,123,123,113.9,115.4,618327
5/11/2020,107.5,107.5,105,107.1,7149
5/12/2020,100,100,91,94.1,582435
5/13/2020,94,97,89.7,90.4,1937459
5/14/2020,90,90,85,85.4,976953
5/15/2020,85,85,79.9,80.5,10106977
5/18/2020,82.8,88.9,82.8,88.1,3919653
5/19/2020,90.5,99,90.5,93.4,1568775
5/20/2020,95,96.9,94,95.1,1049532
5/21/2020,96.5,104.9,103,103,1963539
5/22/2020,105,103.1,103.1,104.4,3864951
5/26/2020,107,108.5,104.4,106.9,3955612
5/27/2020,107,111,105,110.1,7445107
5/28/2020,111,116.4,111,115.8,2912922
5/29/2020,117,117.5,110,110.1,5894577
6/1/2020,110,110,106.1,107.2,2547505
6/2/2020,112,112,109.7,110,1732692
6/3/2020,110,111,110,110,5095771
6/4/2020,110,110,109.7,110,1553138
6/8/2020,110,115.3,110,114.7,955882
6/9/2020,115,118.4,115,118,435898
6/10/2020,118,118,115.2,116.6,714142
6/11/2020,116.5,117.5,115.9,116.4,207100
6/12/2020,116,116.4,111.7,114.9,285490
6/15/2020,115,116.4,113.4,113.6,420816
6/16/2020,115,118,115,117.6,766562
6/17/2020,119.5,120.5,118.6,119,1093667
6/18/2020,119.8,120.5,118.7,119,201829
6/19/2020,119,119,115.9,117,573158
6/22/2020,119,120,118,119.3,220625
6/23/2020,119.5,120.6,119.3,120,660711
6/24/2020,123,129.4,123,128.4,1205919
6/25/2020,132,132,129.5,130,479145
6/26/2020,129.9,129.9,125.1,128.2,398368
6/29/2020,129.5,129.5,124.9,125,1205248
6/30/2020,125,125,122.4,122.5,4379109
7/1/2020,123,123,120.9,121.4,1496341
7/2/2020,121,121,117.4,119.4,4425903
7/3/2020,119,119,115.3,115.6,2113380
7/6/2020,115.5,115.5,111.7,112.8,4496538
7/7/2020,113,116,113,114.9,3555764
7/8/2020,114.5,114.5,112.7,113,2915536
7/9/2020,114,115.2,113.5,114,738137
7/10/2020,113.4,113.4,110.3,110.5,5711639
7/13/2020,108,111,104,108.1,1309444
7/14/2020,107.5,112,107.3,108.5,3598977
7/15/2020,108,109,105.5,107.5,622228
7/16/2020,108,110.9,108,109.9,99475
7/17/2020,111,111.9,111,111.4,325784
7/20/2020,112,114.8,112,113.5,1199517
7/21/2020,115,115,112.5,113,1078920
7/22/2020,113.5,113.5,111,111.3,1426929
7/23/2020,112,112.5,110.7,111.5,267315
7/24/2020,112.1,112.1,111.7,112,400647
7/27/2020,112,112.7,111.5,112,265304
7/28/2020,112,112,111.8,111.9,317656
7/29/2020,111.5,111.9,110.7,111.4,363423
7/30/2020,110,110.8,108.5,110,1556070
7/31/2020,111,112.5,110,110.8,1418898
8/4/2020,111.5,114.6,111.5,113.2,2461678
8/5/2020,114,114,111.9,112,974286
8/6/2020,112.5,114.3,112.5,113.9,267040
8/7/2020,115,117,114.2,114.9,2360467
8/10/2020,115,115.5,113.5,114.9,159760
8/11/2020,114.9,117,114.9,116,5617613
8/12/2020,117,120.5,116,119.2,3083822
8/13/2020,120,121.9,119.2,119.5,4385670
8/14/2020,120,125,119.5,124.5,5011753
8/17/2020,125,128.1,125,127.5,2659245
8/18/2020,128.5,131,128.5,129.6,2298445
8/19/2020,130,134.5,130,134.1,5024117
8/20/2020,134.4,134.9,130.5,133.3,1022527
8/21/2020,133.4,135,132.5,134.9,4494681
8/24/2020,134.5,136.1,134.4,134.5,2687334
8/25/2020,134.5,134.8,131,133,2849976
8/26/2020,133,134.5,132.5,133.5,992279
8/27/2020,133.5,133.5,132.6,133.1,2540387
8/28/2020,133,134.7,133,134,438084
8/31/2020,134.1,136.5,131,135.6,1252496
9/2/2020,136,136.3,134.5,135,4384316
9/3/2020,134.5,134.5,133.4,134.1,102638
9/4/2020,134.1,134.1,132,132.9,302455
9/7/2020,132,133.5,132,133,137876
9/8/2020,132.5,133.8,132.3,133,3133529
9/9/2020,133.5,135.2,133.5,135,13042505
9/10/2020,135.5,136.4,135.1,135.9,4408621
9/11/2020,136,136.7,135.3,135.9,1078831
9/14/2020,136,137.5,135,135.8,461492
9/15/2020,136,137.2,135,136.8,6455750
9/16/2020,137.4,137.4,136,136,1527790
9/17/2020,136.1,137.3,136,137,367661
9/18/2020,137.4,138,137,137.9,1884601
9/21/2020,137.9,137.9,136,137.1,237286
9/22/2020,137.5,138,136,136.4,947030
9/23/2020,137,138,136,137.6,337647
9/24/2020,138,138,135.9,136.1,411513
9/25/2020,136.1,136.8,135.7,135.9,1963861
9/28/2020,136.9,137.9,136.9,137.4,411615
9/29/2020,137.2,137.2,135.2,135.9,410717
9/30/2020,135.4,136,134.1,134.6,418553
10/2/2020,134.1,134.5,132.8,134,2143604
10/5/2020,129.9,132,124,130.6,3101235
10/6/2020,125,130.5,125,129.9,1492466
10/7/2020,129,130.2,128,130,14524697
10/8/2020,130,132,129.6,131,7306933
10/9/2020,132,133,131.1,132.2,390911
10/12/2020,131.1,132,130.9,131,74044
10/13/2020,132,132,128,129.6,177338
10/14/2020,129,133.1,128.5,131.9,5406793
10/15/2020,132.9,134.5,132,134,189637
10/16/2020,133.5,133.9,132,132.8,660514
10/19/2020,133,135.9,133,135.2,994167
10/20/2020,135,136.6,135,136,1522668
10/21/2020,135.5,136.5,131.4,132.6,1996835
10/22/2020,130,132.1,127,131.5,1094114
10/23/2020,131.7,135,131.5,132,46685
10/26/2020,129,130,128,129,257327
10/27/2020,128.5,131.3,128.5,130.1,48591
10/28/2020,130,132.2,130,130.5,213905
10/29/2020,130.5,131.9,129.1,130.9,1725318
11/2/2020,129.9,131.1,129,130.7,156553
11/3/2020,131,134.1,131,133.2,1730095
11/4/2020,134,135.9,134,135.4,969186
11/5/2020,135.4,137,135.4,136,147278
11/6/2020,135.5,137,135.5,136.1,535206
11/9/2020,136.2,137.4,136.2,136.9,530001
11/10/2020,137.4,140,137.4,138.2,1729329
11/11/2020,138.5,141.8,138.2,140.9,1258687
11/12/2020,142.1,142.9,139.8,141,415308
11/13/2020,140.3,141.9,139.2,141.2,253696
11/16/2020,141,141,139.5,140.9,136658
11/17/2020,140,141.5,140,141.1,129619
11/18/2020,141.2,141.7,140,141.4,647752
11/19/2020,141,141.9,140.8,141,333815
11/20/2020,141,142.1,140,141.3,1141150
11/23/2020,142,143,141.4,142,156083
11/24/2020,142.4,146.5,142.4,145,2322957
11/25/2020,145.4,148.5,145.4,147.4,938583
11/26/2020,148,148,147,147.4,175194
11/27/2020,147.4,148.5,147.2,148,691601
11/30/2020,147.9,148.8,147.1,148.2,883276
12/1/2020,148.4,149.3,148,148.9,897816
12/2/2020,149.5,149.7,149,149,1117641
12/3/2020,149.3,151,149,149.7,944980
12/4/2020,149.7,150.5,149.3,150,1732757
12/7/2020,150.9,151.5,150.2,151.2,1908016
12/8/2020,151.8,152,151,152,3186676
12/9/2020,152,152.9,152,152.2,1574080
12/10/2020,152.6,153,152,153,673963
12/11/2020,153,153,151.8,152,1144397
12/14/2020,152.9,153.9,152.5,153.4,1379908
12/15/2020,153,153.4,151.1,151.4,446378
12/16/2020,151.4,151.4,149.1,150,3401948
12/17/2020,150,150.5,149.6,150,209548
12/18/2020,150,151,149.9,150,302641
12/21/2020,150,151.3,148,148.5,1699071
12/22/2020,148,149,147,147,1240866
12/23/2020,147,149,144,146.1,2027908
12/24/2020,148,149,146,148.4,234646
12/28/2020,148,149.5,147.7,148.7,109656
12/30/2020,149.5,154,149.5,149.9,5058876
12/31/2020,150.1,152,149.3,149.6,1232064
1/4/2021,151,151,149.5,149.6,1208543
1/5/2021,149.9,151,149.8,150,1343124
1/6/2021,150,150.1,149.8,149.8,452832
1/7/2021,149.8,149.8,148.1,148.5,1800245
1/8/2021,148.75,150,148.25,149,558315
1/11/2021,149,155,149,154.75,334081
1/12/2021,155,155,150,150.5,843960
1/13/2021,150.25,154.5,150.25,153.5,317749
1/15/2021,153.75,162,153.75,160,2705678
1/18/2021,162,165.5,161,161.25,1100095
1/19/2021,162,163.75,157.5,160.25,3762367
1/20/2021,160,160,154.5,157,7931032
1/21/2021,157,162,157,162,4049530
1/22/2021,165,177,165,168.25,4296122
1/25/2021,171,187,171,181.25,6873287
1/26/2021,181.25,182,170,172.75,2829674
1/27/2021,175,175,169.75,171.25,7414773
1/29/2021,174,175,165.5,167,1686608
2/1/2021,168.5,171.75,164,168.5,1097796
2/2/2021,168.5,168.5,154,155.75,2452685
2/3/2021,156,166.75,156,159,1580838
2/5/2021,159,161,155,155.25,2126410
2/8/2021,160,160,154,154.75,737111
2/9/2021,155,158.75,152,154,2095193
2/10/2021,154,157,153.25,154.75,2275220
2/11/2021,154.75,155,148,152,2343691
2/12/2021,154,155,153,154.25,715949
2/15/2021,158.5,163,153.25,160,4788276
2/16/2021,160,160,155,156.75,1781839
2/17/2021,157.75,159,153.25,156.25,105568
2/18/2021,160,160.5,158,160,1382839
2/19/2021,160,160.5,158,160,1025793
2/22/2021,159,159,155,156,93449
2/23/2021,155.5,155.5,150.5,151.25,446928
2/24/2021,152,154,151,152,588512
2/25/2021,153,155.5,152,152.25,1344685
3/1/2021,155,155,152.25,153.5,4252282
3/2/2021,156,158.75,153.5,154,166945
3/3/2021,155.5,156,150.75,151.75,227653
3/4/2021,152,152,147.75,148.25,1662484
3/5/2021,149,150.5,146.25,148.75,975664
3/8/2021,150,152,149.25,150,1263990
3/9/2021,152,152,149.5,150,860101
3/10/2021,148,150,148,148.5,52173
3/12/2021,149,151.5,149,149.75,1091747
3/15/2021,149,150,147.5,148,421322
3/16/2021,150,150,147.5,148.5,283698
3/17/2021,153,153,149,149,646433
3/18/2021,150,150,148,148,880819
3/19/2021,148,149,147.5,147.75,258120
3/22/2021,148.5,150.25,148,150,926186
3/23/2021,153,153,149.5,150,2867018
3/24/2021,150.25,150.5,148,150,1234098
3/25/2021,151,151,148.75,149.25,493623
3/26/2021,148.25,150,148.25,149,451129
3/29/2021,150,150,148.25,149.5,985466
3/30/2021,150,150,149.25,150,1211169
3/31/2021,150,150,148.25,148.5,88283
4/1/2021,149.25,150.75,149.25,150,1089977
4/5/2021,150,150.75,149.5,150,771836
4/6/2021,150,150,149,149.75,289962
4/7/2021,150,150,148.75,149,469210
4/8/2021,148.75,149.75,148,148.5,1124457
4/9/2021,149,151,149,150.75,3362420
4/12/2021,150.25,151.5,150,151,3245916
4/15/2021,151.25,151.5,149,149.5,1813655
4/16/2021,150,150,149,149.75,619858
4/19/2021,151,151,149,149.25,904574
4/20/2021,149,149,146,146.5,316288
4/21/2021,146.5,148,145.25,146.75,201710
4/22/2021,146.25,148,146,146.25,489329
4/23/2021,145.5,146,145,145.5,70306
4/27/2021,145,145,143,143.5,131825
4/28/2021,143.5,144,143,143.5,199527
4/29/2021,143.5,143.5,141.5,141.75,322761
4/30/2021,141.75,141.75,140.5,141,1780304
5/3/2021,141,141,139,139.75,1616331
5/4/2021,140,140,137,137.75,266813
5/5/2021,137.75,137.75,134.5,135,1397829
5/6/2021,135,135,133.5,134,680068
5/7/2021,134,136,133.75,135,1884608
5/10/2021,136,139.5,135,135.25,544172
5/11/2021,135.75,135.75,134.5,134.75,1541913
5/12/2021,135.5,138,135.5,136,74615
5/13/2021,136,136.5,135,135.75,114148
5/17/2021,136.5,140,136.25,139.25,200803
5/18/2021,139.5,140.5,139.25,140.25,75238
5/19/2021,140,140,139,139.75,209554
5/20/2021,139.5,140,139.25,139.75,465005
5/21/2021,139.75,140,135,138,223956
5/24/2021,138,138,136.5,137.5,156906
5/25/2021,138.5,138.5,135,135.25,1319232
5/28/2021,137,139.5,137,137.5,184318
5/31/2021,140,140.5,138,140,2564153
6/1/2021,141,141,139.5,139.75,528778
6/2/2021,140,139.75,139.5,139.75,742015
6/3/2021,140,140,138,138.25,108416
6/4/2021,138,139.5,137.25,138,824722
6/7/2021,139.5,140,139,139.75,243488
6/8/2021,139.5,139.5,138.5,139,56011
6/9/2021,139,139.5,138,138.5,83687
6/10/2021,138,139,137,138,535894
6/11/2021,138,138,137,137.75,554751
6/14/2021,137.5,137.5,136.75,137.25,142348
6/15/2021,138,138,136,136.25,272891
6/16/2021,138,138,136,136.5,84809
6/17/2021,137,137,136,136,197847
6/18/2021,136.75,136.75,135.25,135.75,404202
6/21/2021,136.5,136.5,135,135.25,292672
6/22/2021,135.25,135.25,133,133.25,493105
6/23/2021,134.25,137,133.5,135.75,99618
6/25/2021,135.5,138.5,135.5,138.25,698074
6/28/2021,138,140,137.75,138,567730
6/29/2021,138.25,138.25,135.5,135.5,126832
6/30/2021,136,136,135,135.25,599010
7/1/2021,135.5,135.5,134.5,134.5,90963
7/2/2021,135,136,134.5,135,105443
7/5/2021,134.75,135,133.75,134,4395293
7/6/2021,135,135,130.75,131,2639532
7/7/2021,131,132,131,131.25,2063373
7/8/2021,132,135,132,134.75,275954
7/9/2021,135,137,134.5,136,553160
7/12/2021,136,136,134.5,135,499182
7/13/2021,135,135.5,135,135,999121
7/14/2021,135,136.75,135,136.5,187140
7/15/2021,136.75,141,136.75,140,741705
7/16/2021,140,140,138.5,139,89728
7/19/2021,139,143,139,142,4481554
7/20/2021,142,142,139.5,140.5,393884
7/22/2021,140.5,140.5,139,139.25,186183
7/26/2021,139,140,138.25,138.25,282346
7/27/2021,138,138,136,137.25,83643
7/28/2021,137,139,136.5,136.75,670280
7/29/2021,138.75,139.75,137.75,138,433959
7/30/2021,138,138.5,137,137.75,378591
8/2/2021,138,138,135,135.25,418922
8/3/2021,136,138.5,135.5,138,1916528
8/4/2021,139.25,141,139.25,140,4165047
8/5/2021,140,140,138,138.5,172599
8/6/2021,138,138.5,136,137.75,158676
8/9/2021,138.5,138.5,136,136,211018
8/10/2021,136.5,137.75,136,136.5,32660
8/11/2021,136.25,138,135.75,137.25,1121130
8/12/2021,137.5,137.5,134.75,134.75,598001
8/13/2021,135,135,133.5,134.25,116654
8/16/2021,134.5,134.5,132.25,132.25,196166
8/17/2021,132.5,134,132,133,665786
8/18/2021,132.5,134,132,133,291772
8/19/2021,134,134,132,132.25,130378
8/20/2021,132.25,133,132,132.5,700614
8/23/2021,132.5,133,131.5,132,421943
8/24/2021,132,134.75,130.5,132,1257935
8/25/2021,134,134.75,132.5,134.25,532662
8/26/2021,134.75,134.75,132.75,134,852151
8/27/2021,134,134,131.25,131.75,987009
8/30/2021,131,131.5,130.25,130.5,2038920
8/31/2021,130.5,131,130,130,1303123
9/1/2021,130.5,132,130,131,513319
9/2/2021,131.75,134.25,131.5,133.25,298504
9/3/2021,133.5,134,131,131.25,299663
9/6/2021,132,132.5,131,131,165566
9/7/2021,130.75,131.25,130.25,130.5,376027
9/8/2021,130.5,131.25,129,130.75,428963
9/9/2021,130.75,131.25,129.75,130.5,176703
9/10/2021,131,131.5,130,131,406650
9/13/2021,131,131,129,129,477848
9/14/2021,129.5,131,129,130.25,73101
9/15/2021,131,131,129.75,130,324390
9/16/2021,130,131,129.75,130,183842
9/17/2021,130.5,131.75,130,130,4652759
9/21/2021,130,130.5,129.75,130.5,136645
9/22/2021,131,134,130.25,131.5,4411219
9/23/2021,134.75,139.75,134,134.25,517421
9/24/2021,135,135.5,134,135,330009
9/27/2021,135.5,137.5,134.75,136,7010880
9/28/2021,137.75,139.5,137.75,139,4001022
9/29/2021,139.5,147.5,139.5,146.5,4207849
9/30/2021,148,153,145,149.75,5865110
10/1/2021,153,158,149.5,150.5,3095928
10/4/2021,152,155,150,151.25,908332
10/5/2021,153,153,150.25,150.5,716745
10/6/2021,151,154,150.25,152.25,498641
10/7/2021,152.5,154,151.25,153.25,672817
10/8/2021,153,153.5,152.25,152.75,462727
10/11/2021,152.5,152.75,150,150.25,379561
10/12/2021,151,151,150,150.25,189682
10/13/2021,150,150,146,147.25,653301
10/14/2021,147.75,150,147.25,148,274290
10/15/2021,148,148.5,145.5,146,969590
10/18/2021,146,146,142,144,415661
10/21/2021,144,144,142.25,142.75,686402
10/22/2021,143,143,141,141.25,717334
10/25/2021,140,144.75,140,141,1939461
10/26/2021,141,144.75,141,143.5,289425
10/27/2021,144,145.75,143.5,144.75,431092
10/28/2021,145,148.25,145,146.25,428868
10/29/2021,146.25,149.5,145,149,2312567
11/1/2021,148.5,148.5,147,147.25,435172
11/2/2021,147,150.5,147,150,701717
11/3/2021,151,151.75,150,150,1760339
11/5/2021,150,151,149,150,1919889
11/8/2021,150,150,148,148.75,667849
11/9/2021,148.25,148.5,146,147,1078470
11/10/2021,147,148.5,146.5,148,1346055
11/11/2021,147,150.25,147,149.5,795727
11/12/2021,149.25,150.5,148.5,150,354111
11/15/2021,147,151,145.5,150.25,626876
11/16/2021,150,150.25,149,150,535935
11/17/2021,149.25,150.75,147,149.75,271306
11/19/2021,150,155.25,149,154.5,1087252
11/22/2021,155.25,157.25,151.5,154.25,814095
11/23/2021,154.75,157,153.5,154.75,396589
11/24/2021,155,155,153,153.5,303162
11/25/2021,154.5,154.5,150,151.75,478083
11/26/2021,152,152,150,150,823903
11/29/2021,148.5,150,146.5,147,326235
11/30/2021,147.75,147.75,142,142.5,3086015
12/1/2021,144,148,143.25,145.25,431267
12/2/2021,145.5,147,145,145.75,134721
12/3/2021,147,147.25,145,145,174000
12/6/2021,145,147,144.5,145,91480
12/7/2021,145.25,145.5,144.25,145,442618
12/8/2021,145,145.75,144.5,145,1118430
12/9/2021,146,146,144.25,145.25,1609801
12/10/2021,145.5,147,144,145,733854
12/13/2021,145.25,145.25,143.75,144,1452022
12/14/2021,144,144.5,143.25,143.75,358084
12/15/2021,143.25,144,141.5,142.25,447366
12/16/2021,143,143.5,142,142.25,1332438
12/17/2021,143,147.5,143,146.5,188550
12/20/2021,148,148,144.5,145.25,208321
12/21/2021,146.5,147,145,146.25,197230
12/22/2021,146,151.25,145.5,150.5,626079
12/23/2021,151,152.75,149.5,151.75,606614
12/24/2021,153,153,150,150.5,60536
12/27/2021,150,151,149.5,150.5,182815
12/28/2021,151,151.75,150.25,151,197126
12/29/2021,150,151.25,149.75,151,167848
12/30/2021,150,151,150,150.25,66278
12/31/2021,151,151,149.5,150,243555
1/3/2022,149,153.25,149,152.75,799594
1/4/2022,152,153.25,149,149.5,317312
1/5/2022,147,151.75,147,150.75,1557752
1/6/2022,150,152,148.5,151,318537
1/7/2022,152,158.25,150,155.5,3343693
1/10/2022,157.5,159,154,157,431534
1/11/2022,154,160.75,152.5,157.5,507646
1/12/2022,157,157.5,156,157,123969
1/13/2022,156.5,166.75,155,163.25,1280271
1/18/2022,166.25,167.5,162,163.75,501578
1/19/2022,164,164,160,162.75,194600
1/20/2022,163,163.25,161.5,162,171773
1/21/2022,162,162,159,161,1209974
1/24/2022,161,163.75,161,162,80657771
1/25/2022,162,163,160,160.5,192701
1/26/2022,160.25,161,159,160.25,302664
1/27/2022,161.5,164.75,159.5,160.75,552876
1/28/2022,161,162,157.5,159.5,489165
1/31/2022,160,161,158,160.25,844757
2/1/2022,160.5,161,159,160,215594
2/2/2022,160,160,157.5,158.25,244918
2/3/2022,158,159,155,158,288348
2/7/2022,158,159.75,156,157,2605196
2/8/2022,157,157.25,155,157,1216025
2/9/2022,157,157.75,153.5,155.25,500306
2/10/2022,157,157.25,152,156.5,654586
2/11/2022,155,157,153.25,157,245517
2/14/2022,157,157,155.25,156.5,126781
2/15/2022,157.5,161.75,155.5,159.5,422071
2/17/2022,159.5,159.5,155.25,157.75,93747
2/18/2022,157.75,157.75,155,155.25,169653
2/21/2022,155,156,149,150,466644
2/22/2022,149.5,153,148,150,227525
2/23/2022,149,150,144,149.25,415865
2/24/2022,149,149,144,145,260532
2/25/2022,145,148,143,147,326722
2/28/2022,148,149.5,146.75,149,354020
3/2/2022,149,149.5,147,148,140264
3/3/2022,148,148,145,146,153793
3/4/2022,146,146.5,145,145.75,1726127
3/7/2022,146,146.75,144,144.5,1281852
3/8/2022,145.5,146,142.5,143,396719
3/9/2022,143,143,141,141.25,712383
3/10/2022,141.25,150.75,140.25,149.5,150596
3/11/2022,150,151,149,149.25,389954
3/14/2022,151,151,145,148.25,75569
3/15/2022,146.5,148,145,146,33153
3/16/2022,145.25,152.75,145.25,151.75,391463
3/18/2022,151.75,158,151,156.5,237274
3/21/2022,156,157.5,153,157,477872
3/22/2022,157.5,157.5,155,156.75,68842
3/23/2022,157,158,155,157,2392768
3/24/2022,157.5,158,156,156.75,740447
3/25/2022,157.5,158,156,157,2325139
3/28/2022,158.5,158.5,154,155,400419
3/29/2022,154.75,156,150,152,596640
3/30/2022,152,152,142,150,839244
3/31/2022,145,146,143,145,435342
4/1/2022,144,170,123.75,149,67551
4/4/2022,145,150,135,142,186294
4/5/2022,142,150,142,147.25,170439
4/6/2022,149.5,149.5,144.5,145,1321459
4/7/2022,145,145,141.5,142,38365
4/8/2022,141,141.75,139,140.25,347802
4/25/2022,135,135,117,130.25,64412
4/26/2022,117,120,117,118.25,33628
4/27/2022,116.25,129,116.25,122.25,186214
4/28/2022,122.25,122.25,118.75,119.75,858111
4/29/2022,122,135,121.75,123,59290
5/4/2022,124,125,121.75,123.75,93854
5/5/2022,123.5,129.75,123.5,129,793860
5/6/2022,128,128,124,124,27352
5/9/2022,120,125,120,124.75,35084
5/12/2022,125,125,123.5,125,150965
5/13/2022,129,140,127,127.5,390982
5/17/2022,138,138,131,133.25,32403
5/18/2022,134.75,138.5,134,135.25,85685
5/19/2022,135.5,135.5,133,133.5,57751
5/20/2022,135,136,132,132.25,390585
5/23/2022,135.5,135.5,132.5,132.75,467267
5/24/2022,138,138,132.75,133.25,109821
5/25/2022,133,133,130.25,130.75,284078
5/26/2022,130.75,130.75,128.25,129,84978
5/27/2022,129,129,125,125.5,531671
5/30/2022,126,128,124,124,555517
5/31/2022,124,125,123.75,124,502634
6/1/2022,125,125,122,123.5,137280
6/2/2022,125,129.75,124.75,126.75,19327
6/3/2022,126.25,127,124.75,125.25,36196
6/6/2022,126,126,123,123.75,205765
6/7/2022,123.5,127,122.5,123,511470
6/8/2022,125.5,126,124.75,125.25,697096
6/9/2022,125,126,125,125,8792
6/10/2022,126,126,124,124.75,300450
6/13/2022,125,126,124.5,125,110193
6/15/2022,125,125,123.5,124.25,221236
6/16/2022,125,125,123.75,124,549793
6/17/2022,124,124,121,121,241780
6/20/2022,121,121,120,120,121192
6/21/2022,120,124,120,120.5,127628
6/22/2022,121,125,121,123.75,58566
6/23/2022,121.25,125.5,121.25,122,230666
6/24/2022,121.5,125,121.5,122.25,715605
6/27/2022,123.75,123.75,122,122,367822
6/28/2022,122,123.5,122,123,27042
6/29/2022,122.25,123.5,122,122,76857
6/30/2022,122,122,121.75,122,20458
7/1/2022,122.5,124,121.75,122.25,1203184
7/4/2022,125,125,120.25,121,773284
7/5/2022,122,123,120.25,121,27844
7/6/2022,120.25,124,120.25,123,626470
7/7/2022,123.75,123.75,121.75,122,568472
7/8/2022,121.5,123,121.5,122.25,8515
7/11/2022,122.25,123,121.75,123,215195
7/12/2022,123,124,123,123,70443
7/14/2022,123,123,121.75,122,519608
7/15/2022,123,123,121.5,122,710154
7/18/2022,123,124,120.5,122,1040651
7/19/2022,123,123.75,122,122,226932
7/20/2022,123,123,120.5,121,1452414
7/21/2022,122,122,120,120.25,1433745
7/22/2022,122,122,120,120.25,155363
7/25/2022,121,121.25,118.75,119.5,199619
7/26/2022,121.25,121.25,119.75,119.75,22851
7/27/2022,121,121,120.5,120.5,31919
7/27/2022,121,121,120.5,120.5,31919
7/28/2022,122,122,120,120.25,106261
7/29/2022,121,122,120,120.5,593586
8/1/2022,122,122,119,119.75,757963
8/2/2022,120,121,119.25,119.5,974233
8/3/2022,120,120,119,119.25,1630892
8/4/2022,119.5,121,119,120,1564276
8/5/2022,120,121,118.75,119,1823999
8/8/2022,119,119.25,118.5,119,1672870
8/9/2022,120,121.75,119,119.25,2118429
8/10/2022,119.5,124,119.5,122,1907311
8/12/2022,125,128.25,124,126.5,2846466
8/15/2022,128,133,128,129.75,783503
8/16/2022,129.75,131,129.5,130,825743
8/17/2022,130,130,127.5,128,597305
8/18/2022,128,128.5,127.25,127.75,730011
8/19/2022,128.5,128.75,127.5,127.75,864624
8/22/2022,128,128,126.25,127,391206
8/23/2022,127,127,124.75,125,12274306
8/24/2022,125,125,123.5,124.75,1320453
8/25/2022,125,125,122.5,123,110433
8/26/2022,123,127.5,121,124,571741
8/29/2022,126,126,122.75,123,128698
8/30/2022,124.25,126.5,122.5,125.75,165880
8/31/2022,126.5,130,125.5,127.75,332890
9/1/2022,129.75,129.75,128,128.25,450451
9/2/2022,129.5,129.75,128,128.25,227779
9/5/2022,129,129,125,127,32031
9/6/2022,127,127,124.25,125,146851
9/7/2022,124.5,126.75,124.5,124.75,44176
9/8/2022,124.75,127,124.5,125,1794189
9/9/2022,127,132,127,130.5,3073035
9/12/2022,132.5,135,132,132.5,1090567
9/13/2022,134.5,134.5,132.5,133,418829
9/14/2022,133,143,133,139,1218914
9/15/2022,151,157,149.5,151,3939617
9/16/2022,155,155,146,147,1247469
9/19/2022,147,147,141.75,143.25,324569
9/20/2022,144.75,147,143,143.25,970032
9/21/2022,143.5,145,143,144,594468
9/22/2022,144,144.5,142.25,143,570201
9/23/2022,143.5,143.5,142,142.75,1060468
9/26/2022,142,143,139.75,139.75,1201154
9/27/2022,140,140,137,138,246974
9/28/2022,138,138.25,137,137.25,126705
9/29/2022,138.25,139.75,136,138,733736
9/30/2022,137.75,138.25,137,137.25,877269
10/3/2022,138,138,135,136.25,184705
10/4/2022,135,135,128.25,130.5,1065274
10/5/2022,130,135,129.75,130,1167528
10/6/2022,130.25,130.75,129,129.25,666297
10/7/2022,130,130,128,129,545426
10/11/2022,133,133,128,128.5,5839196
10/12/2022,129,129,127.5,128.5,538024
10/13/2022,129,131,129,130,1827627
10/14/2022,131,132.5,131,131.75,89292
10/17/2022,133,133,131,131.25,105835
10/18/2022,131.75,131.75,129.5,130.75,503270
10/19/2022,130.75,132.5,130.75,131.75,100381
10/20/2022,130.25,132,129.5,129.75,340905
10/21/2022,129.5,130,128.75,129,1080270
10/25/2022,133,133,129,129,3267001
10/26/2022,130,131,129.25,129.75,1032661
10/27/2022,130,134,130,133,1270444
10/28/2022,134.25,135,133,134,184231
10/31/2022,134,134,132,132.5,167243
11/1/2022,132,132.5,130.75,131,423790
11/2/2022,131,131,130.25,130.25,310806
11/3/2022,130.5,130.5,129,129.5,45790
11/3/2022,130.5,130.5,129,129.5,45790
11/4/2022,130,130,129,129,26145
11/8/2022,130.5,132.75,129,132.5,545810
11/9/2022,133,137,132.5,135.5,665730
11/10/2022,135.5,141,135.5,139.75,4015352
11/11/2022,138.75,139.75,137,138.75,262260
11/14/2022,139.75,140.25,137.75,139.75,459961
11/15/2022,141,142.5,140.25,141.5,484995
11/16/2022,141,141,140.5,140.5,336122
11/17/2022,140,140.5,137.5,139,755644
11/18/2022,138,138.5,137,137.5,227275