1/2/2017,31.3,32,31.3,31.5,6520
1/3/2017,31.2,31.8,30.9,31.2,8122
1/4/2017,31.5,31.7,31.2,31.5,30787
1/5/2017,31.8,31.8,31.5,31.5,9315
1/6/2017,31.2,31.3,30.7,30.8,27393
1/9/2017,30.8,31.4,30.7,30.8,10836
1/10/2017,31.5,31.5,30.5,30.6,66071
1/11/2017,30.6,31.3,30.6,31,3412
1/13/2017,31.3,32.4,30.5,32,41139
1/16/2017,32.4,32.4,31.1,31.6,18366
1/17/2017,32.2,32.5,32,32,80777
1/18/2017,32.1,32.3,31.5,31.7,29132
1/19/2017,32.2,32.2,31.4,31.4,15852
1/20/2017,31.5,32,31.5,31.5,6801
1/23/2017,31.5,32,31.5,31.5,56471
1/24/2017,31.5,31.5,31,31,34133
1/25/2017,31.5,31.5,30.8,30.9,28924
1/26/2017,31,31.2,30.8,30.8,28118
1/27/2017,31,31,30.6,30.7,34525
1/30/2017,31,31,30.1,30.2,27052
1/31/2017,30.2,30.6,30.1,30.2,47797
2/1/2017,30.2,30.3,30,30.1,30952
2/2/2017,30.2,30.2,29.6,29.9,51360
2/3/2017,30,30,30,30,30842
2/6/2017,30,30,29.1,29.2,11597
2/7/2017,29.4,30,29.2,30,31016
2/8/2017,30.9,30.9,29.9,30.1,17750
2/9/2017,30.8,31.2,30.8,31.1,56371
2/13/2017,31,31,30.1,30.3,22662
2/14/2017,30.3,30.7,30.2,30.5,8487
2/15/2017,30.7,30.9,30.5,30.9,19170
2/16/2017,30.2,31,30,30.1,43203
2/17/2017,30,30.3,30,30.3,21775
2/20/2017,30.1,30.3,29.9,30.1,79042
2/21/2017,30.1,30.1,29.6,29.8,21211
2/22/2017,29.8,30,29.6,29.7,15337
2/23/2017,29.7,29.9,29.3,29.3,11149
2/27/2017,29.4,29.9,29.4,29.6,10710
2/28/2017,29.5,29.9,29.4,29.4,12544
3/1/2017,29.4,29.4,29.2,29.2,37154
3/2/2017,29.5,29.5,29.1,29.5,26799
3/3/2017,29,29.4,29,29.4,24486
3/6/2017,29.4,30.9,29.4,30.1,114560
3/7/2017,30,31.9,30,30.3,18210
3/8/2017,30.5,30.9,30.5,30.6,18401
3/9/2017,30.7,31.2,30.6,31.1,24649
3/10/2017,31.3,31.3,30.5,30.7,8851
3/13/2017,30.5,31.2,30.3,30.8,15781
3/14/2017,31,31,30,30.5,10665
3/15/2017,30.5,30.5,30,30.1,2750
3/16/2017,29.7,30,29.5,29.8,12147
3/17/2017,30,30,29.4,29.6,39867
3/20/2017,29.1,30.5,29.1,30,80962
3/21/2017,30,30,29.5,29.5,3410
3/22/2017,29.5,29.9,28.5,29.1,17100
3/23/2017,29.6,29.6,28,28.9,23330
3/24/2017,29,29.3,28,28.7,15013
3/27/2017,29,29,27.7,28,9912
3/28/2017,28.8,29.5,27.8,29.1,2071
3/29/2017,28.5,29.5,28.5,28.6,9125
3/30/2017,28.6,28.9,28.5,28.6,1973
3/31/2017,28.4,29,28.2,29,44110
4/3/2017,29,29,28.4,29,695551
4/4/2017,29.6,31.9,29.2,30.7,40289
4/5/2017,31,31.5,30.9,31,53628
4/6/2017,31,31.5,30.3,30.7,13314
4/7/2017,30.9,31.1,30.7,30.8,28950
4/11/2017,31,31,30.6,30.7,122763
4/12/2017,30.7,31.2,30.1,30.9,174349
4/17/2017,31.2,32.3,30.4,32,94744
4/18/2017,32.1,34,32.1,33.6,146220
4/19/2017,33.4,34,33.1,33.5,364095
4/20/2017,33.6,33.9,32.2,32.9,56153
4/21/2017,33.3,33.5,32.5,32.9,205265
4/24/2017,35,35,32.2,32.9,61722
4/25/2017,32.9,32.9,32,32.1,10710
4/26/2017,32.7,32.9,32.1,32.5,40119
4/27/2017,32.5,33.4,32.5,32.9,492298
4/28/2017,33.4,33.5,33,33.2,47945
5/2/2017,33.5,34,33,33.9,47747
5/3/2017,33.5,34.2,33,34,35622
5/4/2017,33.5,34,33.5,34,264192
5/5/2017,34,35.2,33.6,35,285419
5/8/2017,35,35.4,34,34,243474
5/9/2017,34.1,34.1,33.7,34,89735
5/12/2017,34,34,33.6,33.6,2775
5/15/2017,33,33,31,31.8,106096
5/16/2017,31.7,32.7,31.6,32.6,12481
5/17/2017,32,32.9,32,32.4,6556
5/18/2017,32.2,32.2,31.8,31.9,62651
5/19/2017,31.8,32,31.5,31.5,34085
5/22/2017,31.5,31.5,30.8,31.3,290929
5/23/2017,31.2,31.5,31,31.1,15885
5/24/2017,31.5,31.7,31.3,31.3,4601
5/25/2017,31.5,31.9,31.5,31.8,17283
5/26/2017,31.8,31.8,31.5,31.5,8016
5/29/2017,31.2,31.6,31.2,31.3,6390
5/30/2017,31.3,31.5,31.2,31.5,39016
5/31/2017,31.2,31.7,31.2,31.5,35027
6/1/2017,31.5,31.7,31.5,31.5,11262
6/2/2017,31.7,31.8,31.4,31.4,24704
6/5/2017,31.7,32.4,31.5,32,79579
6/6/2017,32,32.4,31.8,32,24106
6/7/2017,32.2,32.2,31.5,31.5,15836
6/9/2017,31.6,31.7,31.3,31.4,27036
6/12/2017,31.3,31.5,31.2,31.2,4605
6/13/2017,31.4,31.5,31,31.5,154129
6/14/2017,31.5,31.5,31,31,23448
6/15/2017,31.5,32,31.4,31.6,50114
6/16/2017,31.9,32,31.6,31.6,36216
6/19/2017,31.5,32,30.8,31,45720
6/20/2017,31,31,30.5,30.5,40810
6/21/2017,31,31.9,30.5,30.5,924015
6/22/2017,30.7,31.5,30.7,31,32979
6/23/2017,31.2,31.8,31,31.3,24905
6/27/2017,31.4,31.8,31.2,31.5,58391
6/28/2017,31.4,31.4,30.9,31,29005
6/29/2017,30.8,31.2,30.8,31,46255
6/30/2017,30,30.3,29.8,30,111571
7/3/2017,30,30.1,29.8,30,15235
7/4/2017,30,30.4,29.8,30.3,110042
7/5/2017,30.5,30.5,30.3,30.5,10281
7/6/2017,30.5,31.5,30.1,30.8,47908
7/7/2017,30.5,31.2,30.5,31.1,25460
7/10/2017,31.2,31.2,30.7,31,35970
7/11/2017,30.7,31.3,30.6,31.2,13996
7/12/2017,31.4,31.5,31,31.1,37359
7/13/2017,31.5,31.5,31,31.1,35523
7/14/2017,30.7,31.5,30.5,31.1,109370
7/17/2017,31.5,32.4,30.9,32,1257189
7/18/2017,32.5,33.4,32.5,32.9,357910
7/19/2017,32.6,33.3,32.4,33.2,1580772
7/20/2017,33.1,34.5,33.1,34,578082
7/21/2017,34,34,33.3,33.4,143247
7/24/2017,33.5,33.9,33.3,33.4,34671
7/25/2017,33.5,34.1,33.5,34,189597
7/26/2017,34,34.5,33.9,34,450099
7/27/2017,34.1,34.6,33.8,34.4,2029019
7/28/2017,34.5,34.8,34.2,34.3,339049
7/31/2017,34.3,34.3,33.9,34,81950
8/1/2017,33.8,34,33.6,33.7,45866
8/2/2017,33.5,33.9,33.4,33.7,84385
8/3/2017,33.7,33.9,33.6,33.6,89441
8/4/2017,33.8,33.8,33.5,33.6,42920
8/8/2017,33.5,33.5,33.1,33.2,163177
8/9/2017,33,33.2,32.5,32.8,37084
8/10/2017,32.8,32.8,32.5,32.8,22167
8/11/2017,32.1,32.6,31.5,32.1,82598
8/14/2017,32.2,32.7,32.2,32.6,43509
8/15/2017,32.5,32.8,32.5,32.8,48362
8/16/2017,32.9,32.9,32.1,32.5,32362
8/17/2017,32.5,32.5,32.2,32.4,58417
8/18/2017,32.8,33.5,32.5,32.6,14659
8/21/2017,33.5,33.5,32.5,32.5,40874
8/22/2017,32.6,32.6,32.5,32.5,29305
8/23/2017,32.5,32.5,32.3,32.3,10594
8/24/2017,32.3,32.3,32,32,2116
8/25/2017,32.8,33,32.3,32.5,9470
8/28/2017,32.4,32.4,32,32,72450
8/29/2017,31.9,32.7,31.6,32.4,1018
8/30/2017,32.5,32.5,31.6,31.6,10003
8/31/2017,32,32,32,32,18986
9/4/2017,32,32,31.6,31.7,18700
9/6/2017,31.9,32,31.6,31.6,30697
9/7/2017,31.5,31.5,30.5,30.8,61508
9/8/2017,30.7,31,30.5,30.6,1001
9/11/2017,30.7,30.9,30.5,30.5,55946
9/12/2017,30.5,31,30,30,65859
9/13/2017,30.5,31,29.6,29.9,73964
9/14/2017,30,30.9,30,30,23544
9/15/2017,31,31,29,29.7,58708
9/18/2017,29.5,29.5,29.1,29.4,35560
9/19/2017,29.2,30.8,29.2,30,61647
9/20/2017,30.9,31,30.3,30.6,3580
9/21/2017,30.5,30.7,30.2,30.2,20420
9/22/2017,30.5,30.6,30,30.5,56409
9/25/2017,30.2,30.5,30,30.1,47478
9/26/2017,30.1,30.7,30,30.2,73983
9/27/2017,30.6,30.6,30.1,30.2,48821
9/28/2017,30.1,30.2,30,30,111062
9/29/2017,30.6,30.6,30,30,92801
10/2/2017,30.5,32,30.5,31.6,91250
10/3/2017,31.2,31.9,31.2,31.5,209938
10/4/2017,31.5,31.7,31.4,31.4,5664
10/6/2017,31.2,31.6,30.5,30.5,5503
10/9/2017,31,31,30.6,30.7,2130
10/10/2017,30.6,31,30.3,31,17911
10/11/2017,31,31.5,30.5,31.5,33247
10/12/2017,31,31.8,30.8,31.6,92801
10/13/2017,32,32,31,31,78481
10/16/2017,31.1,31.1,30.7,31,21559
10/17/2017,31,31.2,30.1,31,86991
10/19/2017,30.5,30.9,30.5,30.8,700
10/20/2017,30.8,30.9,30,30.1,32722
10/23/2017,30.1,30.1,30,30,232206
10/24/2017,30.2,31.1,30,30.7,44571
10/25/2017,30.5,31,30.2,30.5,16860
10/26/2017,31,31,30.1,30.2,22740
10/27/2017,31,31,30,30.1,29415
10/30/2017,30,30.8,30,30.1,1086
10/31/2017,30.8,30.8,30,30.1,94569
11/1/2017,30,30.5,29.9,30,107805
11/2/2017,30.4,30.4,29.9,30,57240
11/6/2017,30,30,29.8,29.9,5348
11/7/2017,30,30,29,29.1,15156
11/8/2017,29.1,29.8,29.1,29.5,4775
11/9/2017,29.8,29.8,28.9,29.7,55519
11/10/2017,29.7,29.8,29.5,29.6,1140
11/13/2017,29.1,29.1,28.8,28.8,7820
11/14/2017,29,29,28.8,29,2600
11/15/2017,29,29,28.5,28.5,36752
11/16/2017,28,28.5,28,28.1,12971
11/17/2017,28.5,29.5,28.2,29.1,52275
11/20/2017,29,29.3,29,29.1,2034
11/21/2017,29.3,29.3,29,29.1,6042
11/22/2017,29.1,29.3,28.3,28.4,47016
11/23/2017,29,29,28,28.9,197107
11/24/2017,28.9,29.1,28,28.3,11331
11/27/2017,28.2,28.2,28.1,28.1,707
11/28/2017,28,28.5,28,28,334913
11/29/2017,28,28.5,28,28.1,44663
11/30/2017,28.5,28.5,28,28.2,22937
12/4/2017,28,28,27.6,27.8,402270
12/5/2017,27.8,27.8,27.7,27.7,4302
12/6/2017,27.5,27.5,27.2,27.3,21116
12/7/2017,27.1,27.5,27,27.5,37441
12/8/2017,27.2,27.4,26.9,27.2,1711
12/11/2017,27,27,26.9,27,1053
12/12/2017,27.4,27.4,26.9,27,2955
12/13/2017,27,27,26.5,26.6,8614
12/14/2017,26.7,26.8,26.7,26.8,10779
12/15/2017,26.5,26.8,26.5,26.7,11460
12/18/2017,26.8,26.8,26.8,26.7,70
12/19/2017,27.4,27.4,26.1,26.3,7548
12/20/2017,26.5,26.5,26.5,26.5,1050
12/21/2017,26.5,26.5,25.8,26.3,31543
12/22/2017,26.4,26.4,26,26,13513
12/26/2017,26.3,26.9,26.3,26.6,8360
12/27/2017,26.9,27.7,26.9,27,13912
12/28/2017,27,27.5,27,27,9559
12/29/2017,27,29,27,28,85211
1/2/2018,28.4,30,28,29.6,179717
1/3/2018,30,32.4,30,31.7,324081
1/4/2018,31.8,31.8,31,31,49087
1/5/2018,30.5,31.5,30.5,31.3,134113
1/8/2018,31,31.3,30.2,31.1,34625
1/9/2018,30.5,30.5,30,30,6329
1/10/2018,30.5,30.5,30,30,253462
1/11/2018,30.2,30.5,30,30.1,268061
1/12/2018,30.1,30.8,30,30.5,67695
1/16/2018,30.5,30.5,30.1,30.1,27846
1/17/2018,30.7,30.7,30,30,32417
1/18/2018,30,30.8,30,30,57835
1/19/2018,30,30.5,30,30,110252
1/22/2018,30,30.2,30,30,106672
1/23/2018,30,30.1,29.8,30,332281
1/24/2018,29.5,29.7,29,29.6,113093
1/25/2018,29.3,29.9,29.3,29.8,39771
1/26/2018,29.2,30,29.2,29.9,38309
1/29/2018,30,30.5,30,30.4,35598
1/30/2018,30.1,32.6,30.1,32.5,171188
2/1/2018,32,34,32,33,923962
2/2/2018,33,33.4,32.2,33.1,133997
2/6/2018,33.1,33.2,32.5,33,211700
2/7/2018,32.6,32.9,32.5,32.5,24596
2/8/2018,32.5,33.7,32.1,33.2,144424
2/9/2018,33.5,34,33,33.6,83544
2/12/2018,32.8,33.9,32.6,33,73402
2/14/2018,32.6,32.6,31,31.2,27184
2/15/2018,31.8,31.8,30,30,330949
2/16/2018,30,30.8,29.8,29.9,228231
2/19/2018,29.9,30,29.9,29.9,1210
2/20/2018,29.8,29.8,29.5,29.5,25877
2/21/2018,29.5,29.5,29.4,29.5,5550
2/22/2018,29.4,29.4,29.2,29.2,250
2/23/2018,29.2,29.5,29,29.5,13281
2/26/2018,29.8,31,29.5,29.8,187478
2/27/2018,29.7,31,29.7,30.5,4095963
2/28/2018,30.2,30.5,30,30,2191
3/2/2018,29.9,31,29.9,30.5,160788
3/5/2018,30.5,30.5,30,30.5,32635
3/6/2018,30,30,30,30,33282
3/7/2018,30,30,29.5,29.5,16582
3/8/2018,30,31,29.9,30.2,56280
3/9/2018,30.5,30.7,30.1,30.2,24138
3/12/2018,31,32,31,31.4,93137
3/13/2018,31.3,31.9,31.1,31.2,47961
3/14/2018,31.9,31.9,31,31,5280
3/15/2018,31,31,31,31,41
3/16/2018,31,31,30.2,30.2,12555
3/19/2018,30.2,30.2,30.1,30.2,1871
3/20/2018,30.8,31,30.1,30.9,62565
3/21/2018,31,31.1,30.4,30.6,2912
3/22/2018,30.5,31.3,30.5,30.7,15627
3/23/2018,30.7,31.3,30.5,30.7,23948
3/26/2018,31.5,31.6,30.7,30.7,409340
3/27/2018,30.7,31,30.2,30.2,113599
3/28/2018,30.4,30.4,29.9,30,43817
3/29/2018,31,31.2,30,30.1,87931
4/2/2018,30.1,30.9,30.1,30.3,5488
4/3/2018,30,30.8,30,30,3122
4/4/2018,30,30,30,30,4858
4/5/2018,30.8,30.8,30,30,8431
4/6/2018,30,30,30,30,1500
4/9/2018,30.1,30.1,30,30.1,8307
4/10/2018,30.9,31.7,30,31.4,51738
4/11/2018,31.8,31.9,31,31,61994
4/12/2018,31.7,33.4,31.7,32.8,78234
4/16/2018,33,34.6,33,34.5,336187
4/17/2018,34.5,34.5,33.6,33.7,111230
4/18/2018,33.6,33.6,32.6,33.2,34575
4/19/2018,33,33.5,32,33.3,52914
4/20/2018,33,33.3,33,33.2,19350
4/23/2018,34,34.8,33.3,34.1,126149
4/24/2018,34.8,35.8,34.6,34.8,547912
4/25/2018,34.8,34.8,33,33.2,386831
4/26/2018,34,34,32,33.3,176680
4/27/2018,33.1,33.3,32.1,33,100445
5/1/2018,33.4,33.5,33,33.1,47354
5/2/2018,33,33.4,32,32.6,144666
5/3/2018,32.6,32.9,32.5,32.5,19637
5/4/2018,32.9,32.9,32.5,32.6,9607
5/8/2018,32.9,33.5,32.9,33,26102
5/9/2018,33,34,32.5,32.8,87347
5/10/2018,33,37,33,35.6,2145283
5/11/2018,36.5,37,35,35.6,879967
5/14/2018,35.6,36,33.6,34,442205
5/15/2018,33.7,34.8,33.1,33.3,15983
5/16/2018,33,33.5,32.6,33.2,72546
5/17/2018,33.1,33.7,33,33,47434
5/18/2018,33.1,34.5,33.1,34.1,107095
5/21/2018,34.5,35,34,34,75582
5/22/2018,34,34.7,33.4,33.9,79273
5/23/2018,33,33.5,33,33.4,28979
5/24/2018,33.9,34,33.1,33.6,38493
5/25/2018,34,34.4,34,34.3,29034
5/28/2018,34.4,34.5,33.8,33.8,23713
5/30/2018,33.7,34,33.5,33.5,39510
5/31/2018,33.5,33.8,33.3,33.6,36211
6/1/2018,33.6,33.8,33,33.1,27729
6/4/2018,33.8,33.8,33.2,33.5,22981
6/5/2018,33.4,33.8,33.4,33.7,33178
6/6/2018,33.3,34.4,33.3,34.3,128652
6/7/2018,34.4,34.9,34,34.2,142405
6/8/2018,34.5,34.8,34.2,34.5,61017
6/11/2018,34.4,34.9,34.2,34.9,41263
6/12/2018,35,35.2,34.6,34.6,362411
6/13/2018,35,35,33.9,34.6,358
6/14/2018,34,34.4,33,33.4,104151
6/18/2018,33,34,33,33,7503
6/19/2018,33,33,32,32.8,61377
6/20/2018,32,32.9,31.8,32.1,21747
6/21/2018,32.2,32.9,32.1,32.6,10373
6/22/2018,32.1,34,32,33.5,58718
6/25/2018,33.5,33.5,32.5,32.5,65012
6/26/2018,33,33,32,32.2,24674
6/28/2018,32.5,33,32.3,32.4,9001
6/29/2018,32.1,33,32.1,32.9,5299
7/2/2018,32.3,32.3,32,32,15794
7/3/2018,31.1,31.5,31,31,24960
7/4/2018,31,31,30.7,30.8,35965
7/5/2018,30.7,32,30.7,31.5,126619
7/6/2018,32.2,33.8,31.5,31.7,1899445
7/9/2018,31.6,32.3,31.6,32,60473
7/10/2018,32.3,32.5,31.8,32.2,47336
7/11/2018,33.1,33.2,32,32.7,144273
7/12/2018,33,33.4,32.9,33,94624
7/13/2018,33.3,34.9,33,34.3,344311
7/16/2018,33.6,34.8,33.5,33.6,23911
7/17/2018,33.8,34.5,33.5,34,130726
7/18/2018,33.8,34,33.8,34,114280
7/19/2018,34,34,33.7,33.9,95561
7/20/2018,33.7,33.9,33.7,33.9,15730
7/23/2018,33.8,34,33.6,33.6,103993
7/24/2018,33.8,33.9,33.1,33.8,137622
7/25/2018,33.5,33.5,33,33,52201
7/26/2018,33,33,33,33,38901
7/30/2018,33,33,32.5,32.9,6000
7/31/2018,32.7,33,32.7,32.7,56166
8/1/2018,32.7,32.7,32.7,32.7,5300
8/2/2018,33.8,33.8,32.8,33,72525
8/3/2018,33,33,32.5,32.5,6538
8/6/2018,32.4,32.4,32,32.1,48898
8/7/2018,32.7,33.5,32.5,32.5,77095
8/8/2018,32.5,33,32.1,32.4,13896
8/9/2018,32.9,32.9,32,32,38450
8/10/2018,32.5,32.5,31.6,32.5,27251
8/13/2018,32,33,32,32.5,696
8/14/2018,32.5,32.5,31,31.1,60805
8/15/2018,32.3,32.3,31,31.3,3681
8/16/2018,31.4,31.4,31.3,31.3,41548
8/17/2018,31.6,31.7,31.5,31.5,122370
8/20/2018,31.4,31.4,30.5,30.5,79844
8/21/2018,30.1,30.5,29.6,30,83810
8/23/2018,30,30,30,30,1669
8/24/2018,30,30,29.7,30,42584
8/27/2018,30.8,30.8,29.8,29.9,2203
8/28/2018,30,30.1,30,30,28017
8/29/2018,30.9,30.9,29.9,30,26251
8/30/2018,30,30.8,30,30,7600
8/31/2018,30.8,30.8,30,30.1,5170
9/3/2018,30.5,31,30,30.2,4502
9/4/2018,30.2,31.9,30.1,30.6,4711
9/5/2018,31.5,31.5,30.5,30.5,11016
9/6/2018,31,31.5,31,31.3,26802
9/7/2018,31.4,31.5,30.8,31,7610
9/10/2018,31.5,32,31.5,31.6,13615
9/11/2018,32,32,31.2,31.6,34216
9/12/2018,32,32,31,31,2450
9/13/2018,31,31,31,31,3805
9/14/2018,30.7,30.9,30.2,30.2,6930
9/17/2018,30.8,30.8,30,30,23150
9/18/2018,30.9,30.9,29.5,29.6,44270
9/19/2018,29.6,30,29.5,29.9,31119
9/20/2018,29.5,29.7,28.5,29,32018
9/21/2018,28.8,29.5,28.4,28.5,14176
9/25/2018,28.5,28.5,27.9,28,45651
9/26/2018,28,28.5,28,28.3,21715
9/27/2018,27.5,28.4,27.5,28,43750
9/28/2018,28,28.4,27.8,28,4480
10/1/2018,28,28,27.9,28,754
10/2/2018,27.8,28,27.6,27.8,27696
10/3/2018,28.6,28.8,27.6,28.6,94711
10/4/2018,29.5,29.5,28.8,29.5,48876
10/5/2018,29.5,29.5,29.4,29.5,1758
10/8/2018,29,29.4,29,29,7920
10/9/2018,29,29.3,29,29,18257
10/10/2018,28.6,29.3,28.5,28.6,3129
10/11/2018,29.3,29.4,29.2,29.3,1314
10/12/2018,28.6,29,28.6,28.6,5149
10/15/2018,27.1,28.6,26.8,27.1,59796
10/16/2018,27.5,28,27,27.5,51312
10/17/2018,28.2,28.2,27.1,28.2,7981
10/18/2018,28.2,28.4,28,28.2,15883
10/19/2018,27.5,28.2,27.5,27.5,13918
10/22/2018,27.5,27.5,27,27.5,23631
10/23/2018,27.5,27.6,27.5,27.5,34434
10/25/2018,27.5,27.6,27.5,27.5,94160
10/26/2018,27.3,27.5,27.1,27.3,27658
10/29/2018,27.1,28.9,26,27.1,75356
10/30/2018,27,28.3,26.9,27,82032
10/31/2018,27,27,26.5,27,23345
11/1/2018,26.8,27,26.3,26.8,123202
11/2/2018,26.4,27.3,26.3,26.4,49833
11/5/2018,26.3,26.5,26,26.3,23694
11/7/2018,25.7,26.4,25.7,25.7,7460
11/8/2018,25.4,26.1,25.2,25.4,16540
11/9/2018,25.6,26.4,25.3,25.6,75048
11/12/2018,26,26,25.3,26,4504
11/13/2018,26,26.3,25.9,26,14153
11/14/2018,25.4,26,25.3,25.4,208161
11/15/2018,25.3,25.7,25,25.3,15667
11/16/2018,24.1,25.9,24,24.1,212966
11/19/2018,24.4,24.8,24,24.4,51262
11/21/2018,24.8,24.8,24.5,24.8,1603
11/23/2018,24.6,25,24.5,24.6,2844
11/26/2018,25,25.5,24.6,25,8069
11/27/2018,25.1,25.4,25,25.1,14301
11/28/2018,26.4,27,25.2,26.4,177238
11/29/2018,26,27,25.9,26,52782
11/30/2018,26.1,26.7,25.8,26.1,34971
12/3/2018,26.5,26.8,26,26.5,4001
12/4/2018,26.5,26.6,26.6,26.5,1
12/5/2018,25.8,27,25.8,25.8,17611
12/6/2018,26,26.5,26,26,10868
12/7/2018,26.1,26.4,26.1,26.1,955
12/10/2018,26,26.4,25.8,26,3770
12/11/2018,25.3,26,25.2,25.3,20677
12/12/2018,24.8,25.1,24.8,24.8,172290
12/13/2018,24.9,25,24.6,24.9,7661
12/14/2018,24.6,25,24.6,24.6,10829
12/17/2018,24.5,25,24.4,24.5,108276
12/18/2018,24.5,25,24.4,24.5,112979
12/19/2018,24.5,24.9,24.4,24.5,18350
12/20/2018,24.5,24.5,24.3,24.5,58795
12/21/2018,24.5,24.9,24.4,24.5,7245
12/24/2018,24.4,24.5,24.4,24.4,2710
12/26/2018,24.7,24.9,24.3,24.7,22012
12/27/2018,24.5,24.6,24.5,24.5,2170
12/28/2018,24.2,25.5,24.1,24.2,6526
12/31/2018,24.6,24.9,24.3,24.6,8001
1/2/2019,24.2,25,24,24.2,130312
1/3/2019,23.9,25,23.6,23.9,107519
1/4/2019,23.6,24,23.5,23.6,89977
1/7/2019,23.5,23.6,23.5,23.5,106516
1/8/2019,23.1,23.5,23,23.1,24644
1/9/2019,22.8,23.6,22.7,22.8,44129
1/10/2019,22.8,23,22.5,22.8,15735
1/11/2019,23,23,23,23,1620
1/14/2019,22.7,23,22.6,22.7,1253
1/16/2019,22.6,23,22.4,22.6,8710
1/17/2019,22.8,23,22.4,22.8,1903
1/18/2019,22.5,22.7,22.4,22.5,19445
1/21/2019,22.1,23,22,22.1,21615
1/22/2019,22.5,23,22.1,22.5,13066
1/23/2019,22,22.5,22,22,41798
1/24/2019,22.1,22.4,22,22.1,58855
1/25/2019,23,23.8,22.3,23,988691
1/28/2019,20.9,22,20.9,20.9,428770
1/29/2019,21.1,21.8,20.9,21.1,99914
1/30/2019,20.1,21,20,20.1,105758
1/31/2019,20.5,20.7,20.1,20.5,27253
2/1/2019,20.3,20.8,20.2,20.3,10220
2/5/2019,20.5,20.8,20.2,20.5,1016213
2/6/2019,20.2,20.3,20.1,20.2,33117
2/7/2019,20.3,20.5,20.2,20.3,512483
2/8/2019,20.3,20.5,20.2,20.3,122585
2/11/2019,20.3,21.5,20.3,20.3,107018
2/12/2019,20.1,20.9,20.1,20.1,41757
2/13/2019,20.3,20.6,20.2,20.3,17695
2/14/2019,20.2,20.4,20.1,20.2,38100
2/15/2019,19.9,20.3,19.9,19.9,45520
2/18/2019,19.9,20,19.9,19.9,1150
2/20/2019,19.5,19.9,19.5,19.5,12867
2/21/2019,19,19.6,19,19,45516
2/22/2019,19,19,19,19,27301
2/25/2019,19.2,19.4,19,19.2,1787
2/26/2019,19.5,19.8,19.5,19.5,361
2/27/2019,19.3,19.5,19.2,19.3,5486
2/28/2019,19.5,19.5,19.2,19.5,538626
3/1/2019,19.5,19.5,19,19.5,543040
3/5/2019,19.3,19.5,19.3,19.3,36657
3/6/2019,19.5,19.6,19.5,19.5,3632
3/7/2019,19.3,19.5,19.1,19.3,5110
3/8/2019,19.4,19.5,19.4,19.4,230
3/11/2019,19.2,19.3,19,19.2,13300
3/12/2019,18.7,19.1,18.6,18.7,14145
3/13/2019,19,19.1,19,19,23504
3/14/2019,18.9,19.1,18.9,18.9,347
3/15/2019,18,18.9,18,18,51002
3/18/2019,18.4,19,18.4,18.4,5460
3/19/2019,18.2,18.2,17.7,18,46737
3/21/2019,18.5,18.5,17.7,18,10035
3/22/2019,17.8,17.8,17.7,17.7,6836
3/25/2019,17.6,17.9,17.5,17.5,37608
3/26/2019,17.4,17.5,17.2,17.5,22290
3/27/2019,17.5,17.5,17.1,17.3,18262
3/28/2019,17.1,17.7,17.1,17.5,213075
3/29/2019,17.5,17.5,17.4,17.4,27102
4/1/2019,17.7,17.8,17.4,17.5,8330
4/2/2019,17.4,17.5,17.4,17.4,128311
4/3/2019,17.8,17.8,17.5,17.6,66678
4/4/2019,17.6,17.6,17.5,17.6,27921
4/5/2019,17.6,17.7,17.5,17.6,20550
4/8/2019,17.6,17.6,17.3,17.4,12565
4/9/2019,17.3,17.5,17.3,17.4,318097
4/10/2019,17.4,17.5,17.3,17.4,17721
4/11/2019,17.4,17.4,17.3,17.4,29010
4/12/2019,17.4,17.4,17.3,17.4,20650
4/16/2019,17.4,17.4,17.3,17.4,1283
4/17/2019,17.4,17.6,17.4,17.5,7273
4/18/2019,17.5,17.6,17.4,17.6,34096
4/23/2019,17.3,17.3,16.7,16.8,19438
4/24/2019,16.8,17,16.8,16.9,17024
4/25/2019,17,17.1,16.9,17,11602
4/26/2019,17.5,17.5,17,17,16214
4/29/2019,17,17,16.8,16.9,74203
4/30/2019,16.9,17.5,16.9,17.2,40371
5/2/2019,17.4,17.4,17,17,51442
5/3/2019,17.4,17.8,16.9,16.9,95180
5/6/2019,17.5,17.5,16.9,17,7847
5/7/2019,16.9,17.4,16.9,17.4,47657
5/8/2019,17.4,17.4,16.9,17.4,13797
5/9/2019,17.5,17.8,17,17,4076
5/10/2019,17.5,17.5,16.9,17,1591
5/13/2019,17.4,17.4,17.2,17.3,5872
5/14/2019,17.2,17.2,16.8,16.9,16859
5/15/2019,17.4,17.4,16.4,16.5,72835
5/16/2019,16.8,17,16.8,16.8,60287
5/17/2019,16.8,16.8,16.6,16.6,21356
5/21/2019,16.8,17.2,16.8,17.1,40094
5/22/2019,17.2,18,17.1,17.5,131639
5/23/2019,18,18,17.4,17.4,14796
5/24/2019,18,18,17.2,17.3,64181
5/27/2019,17.8,17.8,17,17,138054
5/28/2019,17.8,17.8,17,17,13663
5/29/2019,17.3,17.3,17,17,25283
5/30/2019,17.3,17.3,17,17.1,264532
5/31/2019,17,17.2,16.8,16.8,57362
6/3/2019,17.6,17.6,17,17,17044
6/4/2019,17.4,17.4,16.9,17,14584
6/6/2019,17,17,17,17,27405
6/7/2019,17,17,16.9,17,22112
6/10/2019,17.4,17.4,16.9,17,44489
6/11/2019,17.4,17.4,16.9,17,219918
6/12/2019,17,17.4,16.9,17,545517
6/13/2019,17,17,16.9,17,665892
6/14/2019,17,17,16.8,16.8,158994
6/17/2019,17,17,16.9,16.9,16190
6/18/2019,16.9,16.9,16.7,16.8,859913
6/19/2019,16.9,16.9,16.7,16.9,81339
6/20/2019,16.7,16.7,16.4,16.4,28904
6/21/2019,16.7,16.7,16.6,16.4,2
6/24/2019,16.8,16.8,16.1,16.2,45761
6/25/2019,16.2,16.4,16.2,16.3,31008
6/26/2019,16.2,16.4,16.1,16.3,656
6/27/2019,16.1,16.4,16.1,16.2,15718
6/28/2019,16.2,16.4,16.1,16.3,10839
7/1/2019,16.3,16.4,16.2,16.3,17935
7/2/2019,16.4,16.6,16.3,16.6,48021
7/3/2019,16.7,16.8,16.7,16.8,51224
7/4/2019,16.8,17.2,16.8,17,3175055
7/5/2019,17.3,17.6,17.1,17.2,250891
7/8/2019,17.3,17.4,17.3,17.3,172729
7/9/2019,17.4,17.8,17.2,17.7,1389612
7/10/2019,17.7,18.2,17.7,18,1421585
7/11/2019,18,18,17.6,17.7,274960
7/12/2019,17.6,17.6,17.4,17.5,168221
7/15/2019,17.5,17.8,17.4,17.4,11672
7/17/2019,17.4,17.8,17.4,17.7,396428
7/18/2019,17.7,18,17.3,17.3,147522
7/19/2019,17.8,17.8,17.5,17.6,26736
7/22/2019,17.5,17.7,17.2,17.5,100118
7/23/2019,17.4,17.6,17.4,17.5,67302
7/24/2019,17.7,18,17.4,17.8,176242
7/25/2019,17.7,18.3,17.7,18,549793
7/26/2019,17.6,18,17.4,17.5,533783
7/29/2019,17.5,17.9,17.3,17.3,313854
7/30/2019,17.5,17.5,17,17.2,479353
7/31/2019,17.3,17.3,17.1,17.2,40703
8/1/2019,17.2,17.4,17,17.1,142522
8/2/2019,17.5,17.5,16.9,17.2,156950
8/5/2019,17.5,17.5,17.4,17.4,200926
8/6/2019,17.4,17.5,17,17.1,35375
8/7/2019,17.1,17.6,17.1,17.3,349767
8/8/2019,17.2,17.7,17.2,17.6,318942
8/9/2019,17.7,18.1,17.7,17.8,917828
8/13/2019,18,18.2,17.5,17.6,97369
8/15/2019,18,18,17.7,17.7,73499
8/16/2019,17.7,17.8,17.6,17.7,49357
8/19/2019,17.8,17.8,17.2,17.5,73827
8/20/2019,17.5,17.5,17.1,17.4,14569
8/21/2019,17.3,17.7,17.1,17.1,2681839
8/22/2019,17.5,17.5,17.1,17.2,79536
8/23/2019,17.2,17.3,17.1,17.2,50998
8/26/2019,17.2,17.5,17,17,133730
8/27/2019,17.1,17.1,16.5,16.8,7200348
8/28/2019,16.8,17,16.8,16.9,172649
8/29/2019,17,17,16.8,16.9,56140
8/30/2019,16.9,17.1,16.8,17,463958
9/2/2019,17,17,16.7,16.7,56737
9/3/2019,16.9,16.9,16.8,16.8,12658
9/4/2019,16.8,16.9,16.6,16.7,78143
9/5/2019,16.9,16.9,16.7,16.8,96580
9/6/2019,16.8,16.8,16.4,16.5,77253
9/9/2019,16.7,16.7,16.5,16.5,37085
9/10/2019,16.5,16.5,16,16.3,409390
9/11/2019,16.4,16.4,16,16,443549
9/12/2019,16.1,16.4,15.9,16,266190
9/16/2019,16,16,15.9,15.9,122910
9/17/2019,16,16,15.8,15.9,44592
9/18/2019,16,16.6,15.9,16,46400
9/19/2019,16,16.3,16,16,91090
9/20/2019,16.3,16.3,15.9,15.9,19926
9/23/2019,16,16,15.9,15.9,23830
9/24/2019,16,16,15.8,15.8,17933
9/25/2019,16,16,15.9,16,4129
9/26/2019,15.9,16,15.8,15.9,29837
9/27/2019,16.1,16.2,15.8,15.8,97856
9/30/2019,16.5,16.5,15.6,15.7,99633
10/1/2019,15.6,15.6,15.5,15.5,76079
10/2/2019,15.9,15.9,15.4,15.5,85140
10/3/2019,15.8,15.9,15.5,15.6,41058
10/4/2019,15.6,15.8,15.6,15.6,9646
10/7/2019,15.9,16.2,15.6,15.9,61416
10/8/2019,15.9,15.9,15.6,15.7,15202
10/9/2019,16.1,16.1,15.7,15.8,68905
10/10/2019,16,16.1,15.8,16,378144
10/11/2019,16.2,16.3,15.9,16.2,144356
10/14/2019,16.3,16.7,16.3,16.5,182915
10/15/2019,16.5,16.7,16.2,16.3,105089
10/16/2019,16.5,16.7,16.4,16.5,62231
10/17/2019,16.5,16.5,16.3,16.5,67217
10/18/2019,16.4,16.6,16.4,16.6,87604
10/21/2019,16.7,16.7,16.4,16.6,21206
10/22/2019,16.6,16.7,16.5,16.7,80536
10/23/2019,16.7,17,16.6,16.9,88428
10/24/2019,17,17.1,16.7,17,170598
10/25/2019,17,17,16.7,16.8,93628
10/28/2019,17,17.5,16.9,17,501728
10/29/2019,17,17.2,16.9,17.1,384144
10/30/2019,17.3,17.3,16.9,17,248022
10/31/2019,17,17,16.9,16.9,286009
11/1/2019,17,17.4,16.9,17,156968
11/4/2019,17.4,17.5,16.9,17,115414
11/5/2019,17.1,17.1,16.8,16.8,83908
11/6/2019,16.8,16.9,16.6,16.7,102108
11/7/2019,16.7,16.7,16.6,16.6,68701
11/8/2019,17,17,16.7,16.7,19932
11/13/2019,16.8,17.1,16.7,17,143768
11/14/2019,17.1,17.1,16.9,17,105242
11/15/2019,16.9,17,16.9,17,166373
11/18/2019,17.1,17.2,16.9,17,449051
11/19/2019,17.2,17.2,16.9,17,167172
11/20/2019,17,20,17,19.7,5161730
11/21/2019,20,22,20,20.9,4818114
11/22/2019,21.5,21.5,20,20.6,1247500
11/25/2019,20.9,21,19.7,20,753330
11/26/2019,20.2,20.5,19.9,20,387730
11/27/2019,20.3,20.5,20,20.1,211934
11/28/2019,20.5,21,20.4,20.8,792595
11/29/2019,20.9,20.9,20.5,20.6,254429
12/2/2019,20.4,20.5,20.3,20.3,78824
12/3/2019,20.1,20.4,19.9,20,311856
12/4/2019,20,20.4,19.7,19.8,208310
12/5/2019,20,20.3,19.5,19.6,344292
12/6/2019,19.6,19.9,19.5,19.8,140923
12/9/2019,19.9,19.9,19.1,19.2,222728
12/10/2019,19.1,19.4,18.9,19.1,222086
12/12/2019,19,19.4,19,19,70814
12/13/2019,19,19.2,19,19.2,22789
12/16/2019,19.3,19.3,19,19,82252
12/17/2019,19.1,19.1,18.9,19,221795
12/18/2019,18.9,19,18.9,19,64405
12/19/2019,19.1,19.2,19,19,34820
12/20/2019,18.9,19.2,18.7,18.8,123636
12/23/2019,18.9,18.9,18.7,18.8,37362
12/24/2019,18.9,19.3,18.8,19.2,74042
12/26/2019,19.3,20,19.3,19.6,190493
12/27/2019,19.5,19.9,19.4,19.5,86755
12/30/2019,19.6,19.6,18.8,19,160471
12/31/2019,18.8,19.3,18.8,19,77970
1/2/2020,19.3,19.4,18.8,18.8,22748
1/3/2020,18.9,19.3,18.8,19.1,59933
1/6/2020,18.9,18.9,18.6,18.7,44737
1/7/2020,18.8,18.8,18.2,18.4,256716
1/8/2020,18.4,18.4,16.9,17,506220
1/9/2020,17,18.2,17,18,167672
1/13/2020,18.1,18.5,17.8,17.8,19927
1/14/2020,18.2,18.2,17.7,18.1,16871
1/16/2020,18.1,18.2,17.5,18,191469
1/17/2020,18.1,18.3,17.7,17.9,78960
1/20/2020,18,18.3,17.7,17.8,17260
1/21/2020,18.1,18.1,17.4,17.6,38347
1/22/2020,17.8,18.1,17.8,18,63303
1/23/2020,18.1,18.1,17.7,17.9,27217
1/24/2020,18.2,18.2,17.8,18.2,30757
1/27/2020,18.5,19.4,18.2,18.2,578280
1/28/2020,18.3,18.5,17.8,18.1,303520
1/29/2020,18.3,18.3,18,18.2,22230
1/30/2020,18,18.3,18,18.3,6577
1/31/2020,18.3,18.3,18,18,44214
2/3/2020,18.3,18.4,18,18,23330
2/5/2020,18.3,18.4,18,18.3,48114
2/6/2020,18.2,18.3,18.1,18.2,25980
2/7/2020,17.9,18.2,17.9,18,68980
2/10/2020,17.9,18,17.8,17.8,45298
2/11/2020,17.8,17.8,17.5,17.5,93240
2/12/2020,17.6,17.9,17.5,17.8,12932
2/13/2020,17.7,17.7,17.2,17.4,54867
2/14/2020,17.4,17.7,17,17.2,103036
2/17/2020,17.7,17.7,17.2,17.2,7350
2/18/2020,17.3,17.3,17.2,17.3,12428
2/19/2020,17.2,17.5,17.2,17.3,69730
2/20/2020,17.3,17.9,17.3,17.7,78911
2/24/2020,17.7,17.8,17.5,17.6,64975
2/25/2020,17.5,17.5,17.3,17.3,81450
2/26/2020,17.3,17.4,17.1,17.2,102364
2/27/2020,17.3,17.5,17.2,17.2,28724
2/28/2020,17,17.5,16.8,17,201432
3/2/2020,17.2,17.5,17,17.1,9962
3/3/2020,17.4,17.7,17.3,17.4,24760
3/4/2020,17.5,17.7,17,17,239350
3/5/2020,17.1,17.1,16.5,16.7,103635
3/6/2020,16.8,16.9,16.2,16.3,449147
3/10/2020,16.2,17.3,15.5,16.8,632299
3/11/2020,17,17.5,16.5,17.2,125059
3/12/2020,16,17.2,15.9,16,294347
3/13/2020,16,16,14.5,15.6,478310
3/20/2020,15.5,16.4,15,15.8,111862
5/11/2020,15.1,15.1,15.1,15.1,26504
5/12/2020,14,14.8,13,14.1,100534
5/13/2020,14,15.5,14,14.8,205030
5/14/2020,14.8,15.5,14.8,15.2,31320
5/15/2020,15.3,15.4,14.8,15,94016
5/18/2020,15,15.2,15,15,92175
5/19/2020,15.2,15.4,15,15,198111
5/20/2020,15.4,15.5,14.2,14.7,169691
5/21/2020,14.7,15,14.5,14.7,95568
5/22/2020,14.7,14.7,13.9,14,191186
5/26/2020,14,14.8,13.9,14.5,42686
5/27/2020,14.5,14.5,14.2,14.4,34210
5/28/2020,14.4,14.6,14.1,14.3,52278
5/29/2020,14.4,14.4,14,14.2,152119
6/1/2020,14.1,14.7,13.9,14,198025
6/2/2020,14.4,14.4,13.9,14,76239
6/3/2020,14,14,13.6,14,80588
6/4/2020,14,14.3,13.9,14,97588
6/8/2020,14.5,14.9,14,14.5,225157
6/9/2020,14.2,14.8,14.2,14.6,136431
6/10/2020,14.8,14.8,14.5,14.5,36058
6/11/2020,14.8,14.8,14.5,14.5,115588
6/12/2020,14.5,14.8,14.3,14.5,80005
6/15/2020,14.6,14.7,14.4,14.5,14028
6/16/2020,14.7,14.7,14.5,14.5,243641
6/17/2020,14.7,14.8,14.5,14.6,99530
6/18/2020,14.9,17,14.9,16,595418
6/19/2020,16,16.2,15.7,15.7,82806
6/22/2020,15.9,16.1,15.5,16,241437
6/23/2020,15.9,16.5,15.5,16,266880
6/24/2020,16,16.6,15.6,15.7,80992
6/25/2020,16,18.2,16,17.7,2039000
6/26/2020,18.2,18.7,17.8,17.9,1154200
6/29/2020,18,18,17.3,17.5,109026
6/30/2020,17.8,17.8,17,17.2,153419
7/1/2020,17.5,17.5,17,17,66691
7/2/2020,17.4,17.4,16,17,114917
7/3/2020,16.9,17.2,16.4,16.6,37032
7/6/2020,16.9,16.9,16,16.2,156980
7/7/2020,16.5,16.8,16.5,16.5,112058
7/8/2020,16.8,16.9,16.1,16.3,50546
7/9/2020,16.4,16.6,16.3,16.5,9628
7/10/2020,16,16.5,15.8,16,542231
7/13/2020,16,16,15,15.7,407247
7/14/2020,15.1,16,15.1,15.9,170064
7/15/2020,15.6,15.9,15.5,15.6,44136
7/16/2020,15.9,16,15.7,16,76464
7/17/2020,16,16.4,15.8,16.4,47026
7/20/2020,16.4,16.8,16.4,16.5,110216
7/21/2020,16.5,16.7,16.4,16.4,36331
7/22/2020,16.4,16.5,16,16.1,13266
7/23/2020,16.4,16.5,16,16.4,32465
7/24/2020,16.4,16.9,16.4,16.8,332669
7/27/2020,16.5,16.5,16.2,16.4,288993
7/28/2020,16.3,16.4,16,16,156155
7/29/2020,16.5,16.5,16,16,84591
7/30/2020,16,16.4,15.9,16.1,73248
7/31/2020,16,16.2,16,16.1,203091
8/4/2020,16.2,16.5,16.2,16.5,136272
8/5/2020,16.5,16.5,16.3,16.5,175579
8/6/2020,16.5,17.2,16.4,17,281137
8/7/2020,17.5,17.5,16.5,16.6,165150
8/10/2020,16.9,17,16.5,16.6,116638
8/11/2020,17,17,16.5,16.6,4263
8/12/2020,16.8,16.8,16.5,16.6,38505
8/13/2020,16.8,16.8,16.3,16.5,99700
8/14/2020,16.5,16.6,16.4,16.6,79895
8/17/2020,16.5,16.7,16.5,16.5,48309
8/18/2020,16.4,16.5,16.1,16.2,160436
8/19/2020,16.3,17.5,16.2,17.4,804462
8/20/2020,17.5,18,17,17.2,941851
8/21/2020,17.8,18.4,17.7,18,1717803
8/24/2020,18.1,18.2,17.8,18,331965
8/25/2020,17.7,18,17.7,17.8,164001
8/26/2020,17.7,17.8,17.6,17.7,61397
8/27/2020,17.8,17.9,17.3,17.6,224563
8/28/2020,17.7,17.9,17.6,17.8,68876
8/31/2020,17.7,17.8,17.6,17.6,84636
9/2/2020,17.7,17.8,17.4,17.6,213703
9/3/2020,17.7,17.7,17.4,17.6,100769
9/4/2020,17.6,17.6,17.5,17.5,108948
9/7/2020,17.5,17.5,17,17.3,274837
9/8/2020,17.3,17.4,17.1,17.1,74777
9/9/2020,17.4,17.7,17.2,17.5,71985
9/10/2020,17.5,17.6,17.4,17.6,182407
9/11/2020,17.7,17.9,17.6,17.7,316697
9/14/2020,17.7,18.4,17.7,18.1,604009
9/15/2020,18.5,18.9,18.1,18.3,805772
9/16/2020,18.5,21,18.5,20.3,3413676
9/17/2020,21,21.2,20.3,20.9,1986444
9/18/2020,21,23.3,21,23,5383380
9/21/2020,23.5,24.9,23,24.7,2802383
9/22/2020,25.2,25.7,24.8,25.3,3207819
9/23/2020,25.8,26.6,25.5,26.2,3922076
9/24/2020,27,27.5,26.2,26.4,2775347
9/25/2020,26.5,26.9,26.3,26.5,2873996
9/28/2020,26.5,26.9,26.4,26.5,2248282
9/29/2020,26.5,26.7,25.4,26.5,1303511
9/30/2020,26.5,26.7,25.9,26,1461152
10/2/2020,26,26.7,25.7,26.4,880017
10/5/2020,24,25,22,22.6,866175
10/6/2020,22,24.4,20.2,22.1,656283
10/7/2020,22.1,23.5,22.1,22.8,513378
10/8/2020,23,24,23,23.7,188503
10/9/2020,23.9,25,23.9,24.5,554874
10/12/2020,24.1,25,24.1,24.4,231697
10/13/2020,24.4,24.6,23.5,23.6,190167
10/14/2020,24,24.5,23.5,24,308333
10/15/2020,24,24.9,24,24.7,571519
10/16/2020,25,25.2,24.5,24.7,247295
10/19/2020,25.2,25.2,24.5,24.5,150621
10/20/2020,24.5,24.6,24,24,232066
10/21/2020,24.3,24.3,22.1,22.4,417506
10/22/2020,21,22.4,19.3,22,1132418
10/23/2020,22.5,22.6,21.7,21.8,236408
10/26/2020,21,22.3,20.2,21.7,312576
10/27/2020,21.8,22.4,21.6,21.6,18015
10/28/2020,22,22.1,20.7,20.9,220357
10/29/2020,21.8,22.5,21.5,22.2,250437
11/2/2020,22,22.6,22,22.4,111962
11/3/2020,22.4,22.9,22.4,22.8,108084
11/4/2020,22.5,22.6,21.9,22,178135
11/5/2020,22.4,22.4,21.8,21.9,281980
11/6/2020,21.7,22.3,21.6,22.2,344403
11/9/2020,22.2,22.4,21.5,22.3,1206109
11/10/2020,22.3,22.3,21.7,22,246615
11/11/2020,21.9,21.9,21.4,21.8,33710
11/12/2020,21.5,21.9,21.4,21.5,34825
11/13/2020,21.7,21.9,21.4,21.6,65131
11/16/2020,21.4,22.7,21.3,22.3,176560
11/17/2020,22.7,22.9,21.7,22.5,212469
11/18/2020,22.5,22.5,21.9,22,62464
11/19/2020,22,22.6,21.7,21.8,70023
11/20/2020,21.6,22.4,21.5,21.9,188975
11/23/2020,22,22.3,21.9,21.9,87209
11/24/2020,22.5,22.5,21.9,21.9,7743
11/25/2020,21.8,22.2,21.6,21.9,52812
11/26/2020,21.7,21.9,21.3,21.5,188968
11/27/2020,21.5,21.8,21.3,21.4,200348
11/30/2020,21.7,22.1,21.3,21.9,67556
12/1/2020,22,22.5,22,22.1,162220
12/2/2020,22.2,22.3,22,22,230427
12/3/2020,22,22.2,21.7,22,289990
12/4/2020,22.2,22.8,22.2,22.6,368115
12/7/2020,22.8,24.3,22.8,24,2199092
12/8/2020,24.9,25,23.6,23.9,311657
12/9/2020,23.6,23.9,22.8,23.6,197749
12/10/2020,23.2,24.3,23,23.2,103745
12/11/2020,23.9,23.9,23,23.2,132902
12/14/2020,23,23.3,22.5,22.6,156482
12/15/2020,22.7,22.7,22,22.1,134326
12/16/2020,22.5,22.5,21.9,22,139226
12/17/2020,22,22,21.9,21.9,145966
12/18/2020,21.8,22.3,21.8,21.9,28984
12/21/2020,22.1,22.5,21.8,21.9,140189
12/22/2020,22,22.1,21.5,22,166678
12/23/2020,22.4,22.4,21.7,22.3,41620
12/24/2020,22.2,22.6,21.9,22.4,412931
12/28/2020,22.5,23.5,22.3,22.5,121434
12/30/2020,22.5,23,22.5,22.6,138973
12/31/2020,22.7,22.7,22.1,22.4,312704
1/4/2021,22.5,23,22.3,22.4,358990
1/5/2021,22.5,23.7,22.4,23.5,724244
1/6/2021,23.5,24.4,23.1,23.8,1586550
1/7/2021,24.1,24.1,22.9,23.1,167398
1/8/2021,23.1,24.5,23.1,24,691364
1/11/2021,24,24.2,23.6,24,768074
1/12/2021,24,24,23.8,24,444567
1/13/2021,24,24.3,23.9,24,677779
1/15/2021,24,26.5,23.7,25.8,1640482
1/18/2021,26.5,29.9,24.8,28,2959303
1/19/2021,29.5,31.3,27.5,28.3,5940454
1/20/2021,28,28.9,27,28.4,700905
1/21/2021,28,28.4,26.6,27.1,940104
1/22/2021,27.5,28.5,27.5,28.1,1382577
1/25/2021,28.1,28.4,27.3,27.9,1078441
1/26/2021,28,28,26.2,26.7,426277
1/27/2021,27.2,27.2,25.3,26.7,817832
1/29/2021,27.4,28.5,25.5,26,551915
2/1/2021,26,26,24,24.6,432030
2/2/2021,24.6,25,22.1,23.3,221153
2/3/2021,23.3,24.9,23.3,24.4,344750
2/5/2021,25,25,24.4,24.5,160054
2/8/2021,24.3,24.8,23.1,23.2,140714
2/9/2021,23.5,23.5,22.7,22.9,85109
2/10/2021,23.3,23.3,22,22,200286
2/11/2021,22,23.6,19,21.6,153110
2/12/2021,23.4,24,22.5,23.2,173483
2/15/2021,23.2,23.2,22,22.2,96226
2/16/2021,23,23,20.9,21,141240
2/17/2021,21.4,21.7,19.8,20.3,415200
2/18/2021,22,23,20.5,22.6,630600
2/19/2021,22.6,22.6,21.4,22,25749
2/22/2021,22,22,20.9,21.3,60928
2/23/2021,21.5,21.5,20,20.9,196867
2/24/2021,21.4,21.4,20,20.1,279284
2/25/2021,20.9,21.3,20.4,20.6,120279
3/1/2021,20.6,22,20.6,21.5,198843
3/2/2021,22,22,20.8,21.4,45408
3/3/2021,21.7,21.8,20.1,21,19525
3/4/2021,21,21.7,20.8,21,16105
3/5/2021,21,21.5,20.6,20.8,72021
3/8/2021,21,21.3,20.2,20.9,57797
3/9/2021,21.1,21.1,20.7,20.9,68203
3/10/2021,20.5,21,20.1,20.3,27642
3/12/2021,21,21,20.2,20.4,7462
3/15/2021,20.4,20.8,20,20,60911
3/16/2021,20.8,20.8,20,20,37657
3/17/2021,20,20,19.8,19.8,36635
3/18/2021,19.8,20,19.3,19.5,8242
3/19/2021,19.5,19.6,19,19.1,35532
3/22/2021,19.1,19.5,19.1,19.5,90100
3/23/2021,19.5,19.5,19,19.4,31948
3/24/2021,19.6,19.8,19.2,19.6,118966
3/25/2021,19.8,19.8,18.6,19,376676
3/26/2021,19.3,19.5,19,19,208063
3/29/2021,19.8,19.8,18.9,19,68588
3/30/2021,19.5,19.5,18.9,18.9,197842
3/31/2021,18.9,19,18.8,19,11598
4/1/2021,19,19,18.9,18.9,61701
4/5/2021,19.4,19.5,19.1,19.4,86948
4/6/2021,19.3,19.4,18.9,19,207929
4/7/2021,19,19,18.7,18.8,144058
4/8/2021,19,19.5,18.9,19.2,46741
4/9/2021,19.5,20.1,19.1,19.7,873125
4/12/2021,20.4,20.7,19.5,20,131239
4/15/2021,20.1,20.7,20,20,176799
4/16/2021,20.1,20.8,19.7,20,129892
4/19/2021,20.4,20.4,19.7,19.8,36105
4/20/2021,19.8,19.8,19,19.1,150959
4/21/2021,19.1,19.7,18.9,19.5,22349
4/22/2021,19.2,19.4,18.5,19,66055
4/23/2021,19,19,18.7,18.9,48146
4/27/2021,18.9,18.9,18.5,18.6,32401
4/28/2021,18.6,18.9,18.3,18.8,85918
4/29/2021,18.9,19,18.4,19,225415
4/30/2021,18.8,19.1,18.8,19,80210
5/3/2021,19,19,18.6,18.9,4605
5/4/2021,18.6,18.8,18.6,18.6,60375
5/5/2021,18.6,19,18.6,18.9,22105
5/6/2021,18.9,19.1,18.9,19,142431
5/7/2021,19,19.2,18.8,19.1,135826
5/10/2021,19.3,19.3,18.5,18.5,101981
5/11/2021,18.5,19,18.5,18.9,81538
5/12/2021,19,19.1,18.7,18.8,355082
5/13/2021,19,19,18.5,18.9,16895
5/17/2021,19,19.2,19,19.2,75291
5/18/2021,19,19.1,18.9,19,196609
5/19/2021,19.2,19.2,18.8,18.9,43381
5/20/2021,19.2,20,19.1,19.6,420530
5/21/2021,19.7,19.7,19,19.1,173812
5/24/2021,19.1,19.1,18.9,19,98160
5/25/2021,19,19,18.9,19,87941
5/28/2021,18.9,19.3,18.9,19.1,469667
5/31/2021,19.4,19.6,19.3,19.4,22326
6/1/2021,19.9,19.9,19,19.6,327297
6/2/2021,19.7,19.8,19.4,19.7,52860
6/3/2021,19.8,19.9,19.4,19.7,35897
6/4/2021,19.7,19.9,18.9,19.1,619204
6/7/2021,19.6,19.7,19,19.5,742874
6/8/2021,19.6,20.7,19.6,20.2,1184263
6/9/2021,20.6,21.2,20.6,21,829922
6/10/2021,21,21,20.5,20.6,325657
6/11/2021,20.8,20.8,20.1,20.6,286365
6/14/2021,23.6,23.9,22.2,23.1,4563215
6/15/2021,23,23.1,22.1,22.5,382820
6/16/2021,22.4,22.4,21.9,22.2,231950
6/17/2021,22,22,21,21.1,233358
6/18/2021,21,21.9,21,21.7,127156
6/21/2021,21.7,21.7,21.2,21.4,115495
6/22/2021,21.4,21.5,21.2,21.3,28241
6/23/2021,21.3,21.4,21,21.4,72098
6/25/2021,21.4,21.8,21,21.5,168536
6/28/2021,21.4,21.4,21,21,101085
6/29/2021,21.1,21.3,20.8,20.9,59667
6/30/2021,21,21,20.5,20.8,37531
7/1/2021,20.9,21,20.8,20.9,2672
7/2/2021,20.6,21,20.2,20.4,94145
7/5/2021,20.8,21,20.4,20.7,53900
7/6/2021,20.5,20.9,20.4,20.4,48329
7/7/2021,20.3,20.5,20.1,20.5,43302
7/8/2021,20.5,20.5,20.3,20.5,107450
7/9/2021,20.3,20.7,20.3,20.5,11415
7/12/2021,20.5,20.5,20.2,20.4,23852
7/13/2021,20.5,20.6,20.3,20.4,187740
7/14/2021,20.5,21,20.5,20.8,224113
7/15/2021,20.8,21.2,20.8,21,155132
7/16/2021,20.9,20.9,20.7,20.8,34420
7/19/2021,20.8,20.9,20.6,20.8,23753
7/20/2021,20.9,20.9,20.6,20.9,82433
7/22/2021,20.9,21.2,20.6,20.6,61924
7/26/2021,21.1,21.1,20.6,20.9,26083
7/27/2021,20.9,21.4,20.9,21,457002
7/28/2021,21.1,21.1,20.9,21,103772
7/29/2021,21,21.4,21,21.3,120811
7/30/2021,21.2,21.3,20.9,20.9,67276
8/2/2021,20.9,20.9,20.7,20.7,94326
8/3/2021,20.7,20.7,20.4,20.5,105728
8/4/2021,20.4,20.7,20.4,20.5,16010
8/5/2021,20.5,20.5,19.8,20.2,164786
8/6/2021,20.2,20.4,20.1,20.2,45963
8/9/2021,20.1,20.3,20,20.1,108037
8/10/2021,20.1,20.5,19.9,20,367324
8/11/2021,20.1,20.5,20.1,20.2,74459
8/12/2021,20.1,20.1,19.8,19.8,147301
8/13/2021,19.9,20.3,19.7,19.8,46450
8/16/2021,19.8,21.1,19.7,19.8,16828
8/17/2021,19.9,20,19.7,19.9,60152
8/18/2021,19.8,20.4,19.8,19.8,117549
8/19/2021,20,20,19.5,19.8,91808
8/20/2021,20.4,20.4,19.5,19.6,64017
8/23/2021,19.8,20.4,19.5,20,272965
8/24/2021,20,20.3,19.8,20,372958
8/25/2021,20.1,20.4,20,20.2,142751
8/26/2021,20.5,21,20,20.6,716976
8/27/2021,20.8,21.2,20.2,20.7,883114
8/30/2021,20.7,20.9,20.5,20.6,479555
8/31/2021,20.5,21.2,20.4,21,181949
9/1/2021,20.4,21.2,20.4,21,728348
9/2/2021,21,21.3,20.7,21,719428
9/3/2021,21,21.6,21,21.3,637597
9/6/2021,21.7,21.7,21,21.5,292817
9/7/2021,21.3,21.7,20.9,21.2,442141
9/8/2021,21.1,21.1,20,20.1,293138
9/9/2021,20.5,21.4,20.5,21.1,246538
9/10/2021,21,21.2,20.5,20.7,98945
9/13/2021,20.2,21.3,19.9,20.1,30382
9/14/2021,20.5,20.9,20,20.1,109670
9/15/2021,20.9,20.9,20,20.1,218068
9/16/2021,20.9,20.9,19.7,19.9,133182
9/17/2021,20.1,20.7,20,20.1,103767
9/21/2021,20.7,20.7,19.9,20.4,10431
9/22/2021,20.6,20.6,20,20,81360
9/23/2021,20.6,20.6,20,20.1,1454
9/24/2021,20.2,20.3,20,20.2,16537
9/27/2021,20.4,20.5,20.2,20.4,82397
9/28/2021,20.5,20.5,20.1,20.1,20711
9/29/2021,20.6,20.6,20.1,20.4,80829
9/30/2021,20.1,21.1,20.1,20.6,208849
10/1/2021,20.9,22,20.9,21.9,954287
10/4/2021,22.5,24.4,21.9,23.8,1936509
10/5/2021,23.9,24,22,22.1,306829
10/6/2021,22.6,22.6,22,22.4,198433
10/7/2021,22.6,23.4,22.6,22.8,291830
10/8/2021,23,24.2,22.9,23.7,872979
10/11/2021,23.7,28.5,23.7,26.7,8939808
10/12/2021,27.5,27.5,25.7,26.2,1469411
10/13/2021,26,27.7,25.3,26.3,2541976
10/14/2021,26.8,27.3,26.6,26.9,1056486
10/15/2021,27.1,27.3,26.7,26.9,2005605
10/18/2021,27,27.9,26.9,27.5,2468650
10/21/2021,27.6,28.2,27.5,27.8,1278507
10/22/2021,28.5,28.5,26.5,26.8,1187530
10/25/2021,26.7,26.7,25.1,25.5,478341
10/26/2021,25,26,25,25.3,427099
10/27/2021,25.5,25.9,24.1,25.1,188056
10/28/2021,25.3,26.7,25.2,26.3,220643
10/29/2021,26.3,26.5,25.4,26,1510146
11/1/2021,26.5,26.5,25.5,25.8,753370
11/2/2021,26,26,25.4,25.5,17858
11/3/2021,25.5,25.5,24.5,24.7,138212
11/5/2021,25.5,25.5,24.1,24.3,102656
11/8/2021,24.9,25.5,23.5,24.2,188083
11/9/2021,24,24.4,23.9,24,141799
11/10/2021,23.7,25.6,23.6,24.6,70890
11/11/2021,25.4,26.5,24.6,25.1,213874
11/12/2021,26,28.9,26,28.1,3313978
11/15/2021,27.5,28,26.1,27.7,998754
11/16/2021,27,27.4,26.5,27.1,260691
11/17/2021,27.4,27.4,26,26.2,144225
11/19/2021,27,27,25.7,26,163285
11/22/2021,26,29.3,26,28.9,2395116
11/23/2021,29.3,29.8,26.7,27.4,293108
11/24/2021,28,28,26.8,27,255570
11/25/2021,27.1,28.5,27,28.1,1006831
11/26/2021,29,29.2,28.1,28.3,630145
11/29/2021,28,28.4,27.9,28,1090719
11/30/2021,28,28.4,27,28.1,544497
12/1/2021,28,28,26.9,27.1,915451
12/2/2021,27.5,27.9,27,27.4,402851
12/3/2021,27,31,26.6,29.2,1174077
12/6/2021,31,32.7,30.9,31.1,4496872
12/7/2021,32,35.5,31.5,34.8,5081255
12/8/2021,36.5,41.2,36.5,40.2,8746507
12/9/2021,40.2,40.8,38.2,38.6,2319026
12/10/2021,38.8,39.5,36.7,37.1,1126276
12/13/2021,38,39.5,37.1,37.6,1118221
12/14/2021,38,48,38,45.6,6172188
12/15/2021,47,47,41,43.1,3228849
12/16/2021,43.1,44,40,41,1719161
12/17/2021,41.5,44,40.3,43,3446005
12/20/2021,44.5,49.5,43.5,47.2,5731987
12/21/2021,51,51.2,46,49.1,8845307
12/22/2021,51,68.5,50.1,65.1,17002564
12/23/2021,72.2,81.3,66.9,69.6,19555621
12/24/2021,70,78.7,69.9,73.2,5704234
12/27/2021,75.1,78.6,73.2,74.6,6605071
12/28/2021,77,78,73.5,74.8,2421556
12/29/2021,75.8,77,72,73.2,2367790
12/30/2021,70,74,68,70.2,2557582
12/31/2021,71,77.5,70,73.2,4061500
1/3/2022,73.4,76.9,72.8,73.7,1786792
1/4/2022,73.8,74.5,70.5,71,1784968
1/5/2022,71,72.9,68.9,69.6,2315654
1/6/2022,69.5,69.5,66.7,68.5,2524309
1/7/2022,70,74,70,72,3572178
1/10/2022,72,73,69,69.8,1068585
1/11/2022,69,69.6,67.1,67.4,1092313
1/12/2022,67.8,69.6,66,66.5,769560
1/13/2022,66.5,66.5,61.5,63.4,1319098
1/18/2022,66,74,66,69,2603649
1/19/2022,69,71.5,67,67.3,687923
1/20/2022,68,68.3,66.7,67,536939
1/21/2022,69.5,70.5,67.5,68.1,509615
1/24/2022,69,69,65.9,66.2,342779
1/25/2022,66.5,67,64.5,64.8,843096
1/26/2022,64.8,64.8,61.7,62.1,838403
1/27/2022,62,64.8,59,60.7,770457
1/28/2022,61.2,61.2,56,58.2,1525535
1/31/2022,59,68.2,59,64.3,1515036
2/1/2022,65.7,78.5,64.5,75.1,8783870
2/2/2022,77.6,77.6,68,70,4147906
2/3/2022,69,75,67.5,73,1673084
2/7/2022,76.5,76.5,68.1,69.1,2088344
2/8/2022,69,70,65,67.4,1055519
2/9/2022,68.1,70,65,65.8,1282970
2/10/2022,66.5,67.9,62,64.2,408594
2/11/2022,65,67.7,64,66.1,1571095
2/14/2022,67,68,65,65.5,352562
2/15/2022,65.1,67.8,63.2,65,632476
2/17/2022,62.1,65,62.1,64.5,186373
2/18/2022,64.5,65.5,63,63.5,427826
2/21/2022,63.5,64.4,57,58.1,632480
2/22/2022,58.1,61,58,59.2,445520
2/23/2022,59.9,60,50,57.9,835674
2/24/2022,57,57.8,50,50.6,738786
2/25/2022,50.1,54.9,48.6,53,488275
2/28/2022,55,59,53.5,57.6,414081
3/2/2022,59,68.9,54.5,65,2946739
3/3/2022,65,69.2,59.5,60.2,2973805
3/4/2022,63.8,65.8,60.3,61.8,2551820
3/7/2022,64,64.5,56.5,57.9,558687
3/8/2022,57.9,57.9,47.8,49.7,1612156
3/9/2022,50,52,44.5,45.4,838832
3/10/2022,48,55.4,46,53.6,1125487
3/11/2022,60,63.8,54.5,57.3,4521548
3/14/2022,59,60,52,52.8,795805
3/15/2022,52,54,44.5,45.8,2348862
3/16/2022,47,47,40,44.5,2049711
3/18/2022,46,46.5,41.5,43.5,857210
3/21/2022,44.9,45,43,43.7,389992
3/22/2022,44.8,44.8,40.6,41.4,1279120
3/23/2022,42,42.5,39,40.1,1224648
3/24/2022,41.9,41.9,38,38.3,583504
3/25/2022,39.4,39.4,36.5,37.7,261457
3/28/2022,40,40,32.9,34,1076583
3/29/2022,34.8,35.5,29,31.2,653410
3/30/2022,31.9,31.9,25.2,30,705269
3/31/2022,30,34,28,30.8,253053
4/1/2022,30,30,28,28.3,15716
4/4/2022,28,32.9,26,28.5,258058
4/5/2022,31,33,30.1,32.3,449851
4/6/2022,32.6,34,30.3,31.7,262180
4/7/2022,32.9,32.9,27,27.5,303851
4/8/2022,28.5,28.9,27.4,28.1,101673
4/25/2022,26,26,24.8,25.2,156894
4/26/2022,24,24,19.2,20.5,152419
4/27/2022,20,30,20,25,1124125
4/28/2022,28,29.3,22,27.6,470308
4/29/2022,28,28.1,24.1,25.2,527652
5/4/2022,29.3,34.9,27.4,33.3,1977350
5/5/2022,35,37,33.5,34.1,2961422
5/6/2022,34.3,34.4,31.6,32.5,1410793
5/9/2022,33.7,36.2,30,35.1,1119597
5/12/2022,34.8,36.7,34,35,470130
5/13/2022,35.5,40,35.5,38.7,1182189
5/17/2022,39.9,43.2,38,42,1133947
5/18/2022,44.9,46,39,40.8,2055886
5/19/2022,42.3,42.3,39.7,40.1,752456
5/20/2022,40.1,45,40.1,43,778643
5/23/2022,45.5,53.7,44.2,51.6,2495994
5/24/2022,59.5,61.1,54,57.8,6203523
5/25/2022,58.5,66.8,55.2,63.9,7433531
5/26/2022,65,65,59,63.2,1702106
5/27/2022,62.8,63,59.6,60.2,1394080
5/30/2022,61,61,56.1,57.3,794967
5/31/2022,56,56.7,54,55.7,1118753
6/1/2022,55.5,61.2,53.1,59.5,1114744
6/2/2022,59,64.8,59,63.1,2177813
6/3/2022,65,66.4,62.1,63,1817703
6/6/2022,63,63,58.5,60,1429539
6/7/2022,59.9,65.7,55.7,62.5,3426080
6/8/2022,65,68,63.1,65.9,3306514
6/9/2022,66,66.5,63.6,64.8,1147120
6/10/2022,65,71.4,65,70.5,6029565
6/13/2022,70.8,72.5,67,71.4,1658467
6/15/2022,70,70.9,67,69.6,1132294
6/16/2022,69,69.9,65.6,66.5,1193799
6/17/2022,65.4,65.4,61.5,63.2,1536621
6/20/2022,63.2,68,62.8,66.3,1002551
6/21/2022,68.2,70.4,66.6,68.2,1661030
6/22/2022,69.9,70,66.1,66.9,638405
6/23/2022,66.2,69.5,66.2,68.7,582601
6/24/2022,69.5,72.7,69,71.7,3398879
6/27/2022,73,73.5,69.4,70.2,4084021
6/28/2022,69,70.2,66,68.1,1060388
6/29/2022,70,71,69.3,69.7,2907385
6/30/2022,70,73.5,68.5,72.3,2531723
7/1/2022,73.5,79.4,72.8,78.3,6771293
7/4/2022,80,87.8,80,85.6,7278431
7/5/2022,86,86,79.1,80.7,4017568
7/6/2022,80,80.6,72.5,74.8,3572648
7/7/2022,72.6,76.5,70.2,74.2,1710123
7/8/2022,74.1,76.6,72,74.2,622093
7/11/2022,75,75.4,72.6,74.3,1227453
7/12/2022,75.4,75.4,71,71.9,1531455
7/14/2022,70,73,67.1,71.3,669461
7/15/2022,74,75.4,72.6,73.3,833604
7/18/2022,73.5,77.7,72.5,76.1,2048783
7/19/2022,76.9,77.8,75,77.1,1509243
7/20/2022,77.8,78.8,76.5,77.8,846483
7/21/2022,78,82.1,76.5,80.5,1917984
7/22/2022,79,84.3,78.2,83.4,2090356
7/25/2022,84.2,85.5,81,83.2,1201060
7/26/2022,82,84,81.5,82.2,505487
7/27/2022,82.5,83.4,79.9,81,1025119
7/27/2022,82.5,83.4,79.9,81,1025119
7/28/2022,83.3,85.5,80.5,84.9,1661927
7/29/2022,85.1,91.8,85.1,90.1,3988345
8/1/2022,91,93.5,88,89.3,4637077
8/2/2022,93.1,101.25,93,99.7,6004475
8/3/2022,102.25,103.75,97.1,99.1,2682028
8/4/2022,100,110.5,99.5,108,4945002
8/5/2022,120,122,110.5,113,10058919
8/8/2022,115,135.5,109,131.25,12114256
8/9/2022,141,147,134.5,138.75,14032883
8/10/2022,139.25,146,135,144.75,4294352
8/12/2022,149.5,173.5,149,172.5,8712989
8/15/2022,174,175.25,158,167.25,6449776
8/16/2022,173.5,184.75,165.25,178.75,8772674
8/17/2022,190,193,180,186,5740953
8/18/2022,190,193,185,188,3059349
8/19/2022,190,190,179,181.25,2657828
8/22/2022,182,185.75,174.75,178.25,1836189
8/23/2022,180,183,174,179.5,2065070
8/24/2022,180,183,176.25,179.5,2407826
8/25/2022,176,176.5,167.25,170.5,2002263
8/26/2022,169.5,171.5,162,167.75,1861529
8/29/2022,167.5,167.5,162.5,164.75,929058
8/30/2022,164.75,170,160.25,168.5,554646
8/31/2022,171,182,171,179.25,2046281
9/1/2022,186.5,195,186.5,192.5,3847200
9/2/2022,199.75,201,193.5,197.25,2179750
9/5/2022,200,205,193,202.25,2862721
9/6/2022,207,228.25,207,223.25,5293519
9/7/2022,230,233,223.5,228.5,2557986
9/8/2022,229.25,231,225.5,227.25,1284396
9/9/2022,225.75,239.75,222,234.75,2052948
9/12/2022,242,251,242,248.75,2972712
9/13/2022,251,264.5,240,260.5,1974434
9/14/2022,262,268.75,258,262.75,934031
9/15/2022,260,262,250,257.75,1559356
9/16/2022,258,267,256,262.75,1116973
9/19/2022,268,275,264.5,268.5,2339837
9/20/2022,268.5,283,267.5,279.75,2798066
9/21/2022,284,295,283,290.5,2774713
9/22/2022,293,296,285.25,290.5,1219827
9/23/2022,290,293,282,288.25,1370626
9/26/2022,288.25,292,282,284.5,1622905
9/27/2022,284,292,276,287,2394194
9/28/2022,290,292,284.75,285.5,1039107
9/29/2022,283,285.5,279.25,284.5,1286604
9/30/2022,284,290,281.5,288.75,905562
10/3/2022,280,285,268,273.75,2058635
10/4/2022,260,260,227,236.25,5731534
10/5/2022,248.75,251.75,228,240.5,2340514
10/6/2022,243,245,219,229.5,2208498
10/7/2022,222,233,211,227.25,2655133
10/11/2022,227.25,230,208,212,1486785
10/12/2022,205,218,194,213.5,2682281
10/13/2022,220,239,214.5,236.75,2328056
10/14/2022,240,246.5,234.75,236,1582049
10/17/2022,237,238,222.5,224.75,612362
10/18/2022,200,219.5,199,216,1666975
10/19/2022,218,221.75,214,216,421948
10/20/2022,215,215.25,198,200.75,1185979
10/21/2022,199,205,187.75,191.75,1764356
10/25/2022,194.75,199,174,176.75,2024269
10/26/2022,176.5,198.75,176,194.5,1511223
10/27/2022,200,207,199,203.5,949250
10/28/2022,205,205,188.25,191.5,704776
10/31/2022,187,192,182.5,183.75,789211
11/1/2022,189,189.75,173.5,175.25,1334609
11/2/2022,178,185,174.75,176.25,1088793
11/3/2022,177.5,182.75,175,179,456077
11/3/2022,177.5,182.75,175,179,456077
11/4/2022,180,186.5,179,180.75,822977
11/8/2022,180,182.75,168,170.25,776324
11/9/2022,168,173.75,163,171.25,305484
11/10/2022,172,175,168,174,810184
11/11/2022,175.5,185.5,175.5,179.5,871422
11/14/2022,180,187,178.5,183.5,767599
11/15/2022,185,187,173,175,537892
11/16/2022,175,175,164.5,168.75,1096864
11/17/2022,170,176.5,170,173.5,545906
11/18/2022,173.5,173.5,162.75,164.25,541159
Trade_Date,Open,High,Low,Close,ShareVolume