Trade Date,Open (Rs.),High (Rs.),Low (Rs.),Close (Rs.),ShareVolume
1/2/2017,72.5,72.5,72.5,72.5,1006
1/3/2017,74,74,71.2,71.8,4007
1/4/2017,72.5,72.5,72.5,72.5,401
1/5/2017,72,72.5,72,72.5,365
1/6/2017,72.5,72.5,72.5,72.5,50
1/9/2017,71.5,72.5,71.5,72.2,8509
1/10/2017,74.5,79,72.5,72.7,671
1/11/2017,72.5,72.5,72.5,72.5,6830
1/13/2017,73,73,72.9,72.9,540
1/16/2017,72.4,72.4,72.4,72.4,250
1/17/2017,72.3,72.3,72.3,72.4,10
1/18/2017,72.5,72.5,72,72.3,405
1/19/2017,71,71,70.5,70.6,5212
1/20/2017,71,72,71,71.3,18811
1/24/2017,70.3,70.3,68,68,9142
1/25/2017,69.9,69.9,69.9,68,31
1/26/2017,68,68,68,68,1
1/27/2017,70,70,70,68,6
1/30/2017,68,69.9,68,68,31
1/31/2017,69.9,70,69,70,14033
2/1/2017,70,70,68.5,69.5,2354
2/3/2017,68.1,68.1,65,65.1,2067
2/6/2017,65.1,65.1,65,65.1,300
2/7/2017,65.2,67,65,67,2930
2/8/2017,65,67.9,65,65.4,1006
2/13/2017,65.8,68,65.8,66.8,1324
2/14/2017,66.5,66.5,66,66,13412
2/15/2017,66,66,65,65,9497
2/16/2017,65.9,66.7,65,65,18934
2/17/2017,65,65,64,64.8,3150
2/20/2017,65,65,62.5,62.9,13958
2/21/2017,62.4,64.4,62.1,62.2,710
2/22/2017,62.6,64.9,62.5,64.8,3254
2/27/2017,64,64,62.8,62.8,1208
2/28/2017,62.7,62.8,62.7,62.8,227
3/1/2017,63,63,62.7,62.7,1323
3/2/2017,62.7,63.5,62.7,63,3803
3/3/2017,62.6,63,62,62,7334
3/6/2017,63.1,63.1,60.5,60.5,16657
3/7/2017,60.2,61,59,59.3,13724
3/8/2017,60,60,60,60,4550
3/9/2017,62.5,62.5,61,60,43
3/10/2017,60.8,62.5,60.8,62,1860
3/13/2017,61.5,61.5,60.9,60.9,2158
3/14/2017,60.3,60.3,60.2,60.3,3400
3/15/2017,60.2,60.2,60,60,9522
3/16/2017,60,60,59.5,59.5,3580
3/17/2017,60,61.3,60,61.3,5054
3/20/2017,61.9,62.7,61.5,61.5,10964
3/21/2017,62,63,62,62.9,40780
3/22/2017,62.8,62.8,61.5,61.5,82449
3/23/2017,61.5,61.5,60,61,6082
3/24/2017,60,61,60,60.5,3031
3/27/2017,60,60,60,60,2990
3/28/2017,60,60,59.9,60,27186
3/29/2017,60.2,61.5,60,61,20607
3/30/2017,60.1,62.9,60,60.2,2900
3/31/2017,60.1,62.4,60,61,20547
4/3/2017,62,62,60.5,60.7,4350
4/4/2017,62,63,61,63,15854
4/5/2017,63.8,66,63.8,65.1,19898
4/6/2017,66.5,69,65,68.1,34656
4/7/2017,67.6,71.8,67.6,69.2,5330
4/11/2017,69.9,71.4,69.9,70,7935
4/12/2017,71.8,73.5,71.5,72.2,58448
4/17/2017,73.9,74,72.5,73,43447
4/18/2017,73,74.9,73,73.9,20728
4/19/2017,74.9,77,74.9,76.8,29705
4/20/2017,77,83,77,81.9,285723
4/21/2017,82,87.1,82,85.6,104894
4/24/2017,85.1,85.9,82,84.9,48138
4/25/2017,84.3,84.5,84.3,84.5,1959
4/26/2017,84.5,86.9,82.1,85,38699
4/27/2017,86.8,86.8,84,85.2,51790
4/28/2017,85.4,88.4,85,88,188777
5/2/2017,88.4,88.4,86,87.2,28860
5/3/2017,85.5,89.9,83,84,30962
5/4/2017,84,85.5,83.5,85,49160
5/5/2017,85,85,80.1,84.4,4011
5/8/2017,85.5,88.3,85,86.5,13275
5/9/2017,88,90,87.9,90,122077
5/12/2017,90,91,90,90,75152
5/15/2017,90,94,90,93.2,16803
5/16/2017,93.4,97.2,93.4,97,107053
5/17/2017,97,97.2,95.5,96.2,37611
5/18/2017,96.8,97.4,95,96.5,160199
5/19/2017,96.9,98.9,96.4,98.4,82289
5/22/2017,100,102.5,100,102.2,87935
5/23/2017,102,102,101.4,101.4,26436
5/24/2017,101.5,102.3,101,102,40756
5/25/2017,102,102.5,100.6,101.9,46134
5/26/2017,103,105.6,103,105,129831
5/29/2017,104,105.9,104,104.6,29853
5/30/2017,104,104,102.1,102.2,13740
5/31/2017,102.9,104.5,102.9,103.2,6108
6/1/2017,105,109.9,104.6,105,125011
6/2/2017,105,105,101,102.2,79533
6/5/2017,103.3,104,99.5,100.3,50896
6/6/2017,100.3,100.3,97.5,100,59259
6/7/2017,100,103.9,99,103.5,199879
6/9/2017,103.5,103.5,102,102.4,6920
6/12/2017,103.5,104.9,102.7,104.7,105610
6/13/2017,104.5,104.5,102.1,102.5,44297
6/14/2017,103.3,104.5,103,104.1,43816
6/15/2017,104.5,109.5,104.5,108,193426
6/16/2017,108,110,108,109,64224
6/19/2017,109,109.5,106,106.3,16444
6/20/2017,105.1,108.6,105,107.6,12750
6/21/2017,107.6,108.4,106.2,107.6,10085
6/22/2017,106.5,109.5,106.5,107,98831
6/23/2017,107.4,108.5,107,108.3,19367
6/27/2017,107,108.9,106.7,107,21699
6/28/2017,107,107,106.9,107,76042
6/29/2017,107,108.8,107,108.2,49003
6/30/2017,109,114,109,112.8,110179
7/3/2017,113,118.9,112.9,118,240939
7/4/2017,117.6,117.7,116,116.7,25938
7/5/2017,116.9,116.9,113.1,115.1,30488
7/6/2017,115,117,115,116.9,85883
7/7/2017,117,117,116,116,22624
7/10/2017,116,116.8,116,116,22759
7/11/2017,116,116,114.5,114.9,110994
7/12/2017,114.5,115,113.7,114.9,7351
7/13/2017,114,115,113.7,113.8,1121
7/14/2017,113.7,115,113.7,114,18215
7/17/2017,114,114,112,112,17592
7/18/2017,111.9,112.5,110.6,111.9,55895
7/19/2017,111.9,111.9,110,110,116913
7/20/2017,111.9,111.9,109.7,110,181405
7/21/2017,110,110,107.1,109.5,67800
7/24/2017,107.2,112.5,107.2,112,108170
7/25/2017,110.5,111.9,110,110,7263
7/26/2017,110.5,110.5,109.9,110,75895
7/27/2017,111,111.9,110,110,10295
7/28/2017,112,112,109,110,25730
7/31/2017,110,111.5,110,110.1,3046
8/1/2017,110,110,110,110,72571
8/2/2017,109,109,109,109,5804
8/3/2017,109,109.9,109,109,7233
8/4/2017,108,108,108,108,11071
8/8/2017,109,109,108,108,14208
8/9/2017,108,108.5,108,108.4,6107
8/11/2017,107.9,109,107.9,108,9195
8/14/2017,108,108.5,108,108,10959
8/15/2017,108.3,109.5,108.3,108.4,16204
8/16/2017,109,109.5,108,108.4,12487
8/17/2017,109,115.9,108,112.6,178837
8/18/2017,114,118.7,114,117.7,766804
8/21/2017,118.5,120,118.1,118.2,73180
8/22/2017,118.9,118.9,116,116.2,3722
8/23/2017,115.8,116.9,115.7,116.6,11206
8/24/2017,118,118,116,116,6927
8/25/2017,118,121,116.1,119.9,366545
8/28/2017,120,121,119,120,149310
8/29/2017,120,120.3,119,120,88183
8/30/2017,119.9,121,119.9,120.1,96135
8/31/2017,120,121,120,120.5,41505
9/4/2017,121,121.9,120.1,120.4,11179
9/6/2017,120.1,120.5,120,120.5,59379
9/7/2017,121,129.5,121,128.6,2035273
9/8/2017,130,130,126.6,127.5,23973
9/11/2017,128,128,128,128,20228
9/12/2017,126.7,128,126,127.1,51899
9/13/2017,127,127.5,125,125.3,47658
9/14/2017,125.2,126,124.3,124.7,11061
9/15/2017,124.6,127,124.6,126.7,38876
9/18/2017,125.5,125.5,125,125,10802
9/19/2017,125.5,127,125,126.9,64802
9/20/2017,127,127.5,126,126.7,33834
9/21/2017,126,126.9,125.1,126,5660
9/22/2017,126,126,125.3,125.8,1817
9/25/2017,125.3,126,125.1,125.2,33043
9/26/2017,125.1,126.5,125.1,125.1,14357
9/27/2017,125.3,127.1,125.3,126.8,172573
9/28/2017,126.5,128,126.5,127.8,14701
9/29/2017,127.5,127.5,127,127,393
10/2/2017,127,135,127,132,299891
10/3/2017,132.1,135,132.1,133.1,53201
10/4/2017,133,139.9,133,138.5,182622
10/6/2017,138.5,138.9,137.5,138.8,52177
10/9/2017,138,138,137,137.7,97585
10/10/2017,136.5,138,136.5,138,69634
10/11/2017,138,142.5,138,141.5,246755
10/12/2017,141.5,145,141,141.3,52184
10/13/2017,141,142,139,139.4,14749
10/16/2017,139.7,140,138.1,139,13702
10/17/2017,138.5,139.5,138,139,24179
10/19/2017,139,140,138,138.3,54663
10/20/2017,138,139,133.5,135,104714
10/23/2017,135,135,133,133.1,10012
10/24/2017,134,134,133,133.9,9150
10/25/2017,133.5,134,133,133.5,18511
10/26/2017,132.5,133.5,132.2,133.5,5221
10/27/2017,132.2,133,132.2,133,39062
10/30/2017,132.1,133,130,130.8,68154
10/31/2017,130.1,132,130.1,130.5,17705
11/1/2017,130.5,137,130.5,134.6,39339
11/2/2017,137,139,137,137.1,14147
11/6/2017,137,140,137,138.1,47252
11/7/2017,138,138,137.5,137.9,4036
11/8/2017,137,138,137,138,18474
11/9/2017,138,138,137,137,4986
11/10/2017,138,138,137,137,2223
11/13/2017,138,138,136.6,136.6,200
11/14/2017,132.9,132.9,131,131.2,606
11/15/2017,131.1,131.5,131,131.1,13817
11/16/2017,130.6,130.6,129,129,11160
11/17/2017,127.1,130.5,127,130,3750
11/20/2017,129,129,127,127.1,42282
11/21/2017,126,126,126,126,2000
11/22/2017,125.4,126,124.6,124.8,9760
11/23/2017,125,126,122,123.4,21734
11/24/2017,122.2,124,121,121.2,18567
11/27/2017,125,125,118,118.5,11140
11/28/2017,119.5,123,118,118,4685
11/29/2017,118,118,118,118,3000
11/30/2017,118.1,119.5,118.1,119.5,110
12/4/2017,119.5,120,119.4,119.6,3200
12/5/2017,118.1,118.1,118,118.1,200
12/6/2017,119,119,118.1,118.5,1562
12/7/2017,118.5,119.1,118.5,119.1,2435
12/8/2017,118.6,119,118.5,119,2150
12/11/2017,119,119,117,118,26600
12/12/2017,116.5,116.5,115.5,115.5,6802
12/13/2017,115.6,115.7,115,115.1,5001
12/14/2017,115.2,115.5,115,115.1,7000
12/15/2017,115.1,115.1,112,114.9,1217112
12/18/2017,115,117.9,115,115,288
12/19/2017,116,116,112.1,114,919
12/20/2017,114,114,112.1,112.7,3117
12/21/2017,112.7,113,112.7,113,5101
12/22/2017,113.5,114,113.5,114,1005
12/26/2017,117.9,117.9,117.9,114,10
12/27/2017,117.9,118,115,115.9,2623
12/29/2017,115.7,115.7,115,115.1,5500
1/2/2018,117.9,120,114.5,114.5,1433
1/3/2018,118.4,123.8,118.3,120,5883
1/4/2018,117,120,116,120,1205
1/5/2018,120,123,115,120,30063
1/8/2018,120,123,116.3,122.8,5428
1/9/2018,122.9,123,120.4,122.9,1583
1/10/2018,120.4,122.9,120.4,122.1,2838
1/11/2018,120.4,120.4,118,120.4,14100
1/12/2018,121,121,119,119.1,1285
1/16/2018,119,120.2,119,120.1,14556
1/17/2018,120,121,120,120,4668
1/19/2018,120,120,119.9,119.9,10517
1/22/2018,119,119,115.5,115.7,5001
1/23/2018,115.5,115.5,115,115.5,1700
1/24/2018,115.1,115.1,115.1,115.1,687
1/25/2018,115.2,115.5,115.2,115.5,902
1/26/2018,116.9,116.9,116.9,116.9,1000
1/29/2018,119.5,119.9,117,119.9,255
1/30/2018,117,124.4,117,120,29250
2/1/2018,117,117,117,120,86
2/2/2018,123,123,117,119.9,6265
2/6/2018,123.7,126.2,123,125.1,28414
2/7/2018,124.5,125,123,123.9,3907
2/8/2018,124.1,124.9,123,123.5,21288
2/9/2018,124,124,123,123.4,2296
2/12/2018,123.1,123.1,122,122.1,5424
2/14/2018,120,120.1,119,120,12350
2/15/2018,122,122,120,120,7225
2/16/2018,122.5,122.5,120,120,14567
2/19/2018,120,120,119.5,120,21067
2/20/2018,120.8,120.8,119.1,120,5957
2/21/2018,119,119,119,119,1500
2/22/2018,118.1,118.1,118.1,118.1,193
2/23/2018,118.1,119.5,118,118,11200
2/26/2018,120,120,118,118.3,6960633
2/27/2018,119.8,119.8,116.7,119.5,12378
2/28/2018,116.7,118,116,116,21996
3/2/2018,115.1,115.1,115.1,116,80
3/5/2018,116.1,116.9,116,116.1,11020
3/6/2018,116.1,116.1,114.4,114.5,132848
3/7/2018,115,115,114.5,114.5,3300
3/8/2018,114,114,113.5,113.5,1526
3/9/2018,113.6,113.6,111.5,112.2,159607
3/13/2018,113,116,113,113.5,19960
3/14/2018,114.5,114.5,112,112.1,10035
3/15/2018,115,115,111.9,111.9,1115
3/16/2018,115.6,115.6,111.8,111.8,202
3/19/2018,111.9,111.9,111.6,111.6,3601
3/20/2018,112,115,112,112.9,866
3/21/2018,113,113,112,112.7,3356
3/22/2018,111.6,113,111,111.1,8316
3/23/2018,112,112,111.1,112,4240
3/26/2018,113.5,113.5,111.2,111.9,30832
3/27/2018,112,112,111,111,917
3/28/2018,110.2,120,90,118,142670882
3/29/2018,120,122,118,118,41832
4/2/2018,118,118.1,117.1,118,70674
4/3/2018,118.1,119.5,118.1,118.6,8284
4/4/2018,118.5,121.1,118.5,121,16289
4/5/2018,121.9,125,121.9,123.8,75313
4/6/2018,124.9,125,123.8,124.8,16817
4/9/2018,123.6,123.8,123.6,123.6,2776
4/10/2018,124,129,124,128.2,111823
4/11/2018,129.2,131,129,130,43618
4/12/2018,132,138,132,135.6,139021
4/16/2018,134.5,135.5,133,133.2,13900
4/17/2018,133,133,130.5,132,28314
4/18/2018,131.5,131.6,131,131.2,5250
4/19/2018,131,131,127.5,128.3,39179
4/20/2018,130,131.5,130,130.2,41878
4/23/2018,131,131,128.6,129.7,17476
4/24/2018,128.5,130.2,128.5,129.9,30611
4/25/2018,130,132,129,129,3987
4/26/2018,133,133,124,125,28738
4/27/2018,128.3,130,127,127,5970
5/1/2018,127,127,126,126,2551
5/2/2018,126,126,126,126,10
5/3/2018,126,126,125,125,3788
5/4/2018,124,125.5,121.6,121.6,4595
5/8/2018,124,124,119.1,119.3,19912
5/9/2018,119.2,120,119,119,3227
5/10/2018,119.5,119.5,116.5,116.6,5652
5/14/2018,116.4,118.5,115,115,72865
5/15/2018,115.1,119,115,117.9,11471
5/16/2018,118,122,117,120,11934
5/17/2018,123.9,123.9,118.9,118.9,4587
5/18/2018,117.3,119,117,119,15509
5/21/2018,117,117.1,115,115.1,17902
5/22/2018,115.1,119,115.1,115.1,201
5/23/2018,118,118,116,116,270
5/24/2018,115.5,117.9,115.5,116,10453
5/25/2018,117,117,115.1,115.1,7217
5/28/2018,115.1,116,115.1,115.1,1855
5/30/2018,115.1,115.5,115.1,115.5,250
5/31/2018,115.1,116.1,115.1,115.5,42696
6/1/2018,116,116,115,115.5,21
6/4/2018,114.5,114.5,114.5,114.5,300
6/5/2018,114.5,115,114.5,114.9,13708
6/6/2018,114.5,114.5,114,114.1,600
6/7/2018,114,114,110,110,107774
6/8/2018,110,112,110,110,51044
6/12/2018,110,110,105.1,108.6,3615
6/13/2018,109,109,105,105,17888
6/14/2018,105,105,105,105,6367
6/18/2018,103.1,103.1,100,103,27440
6/19/2018,101,103,100,100.7,2621
6/20/2018,100,100,99.1,99.8,2848
6/21/2018,100,100,96,100,953
6/22/2018,96.5,100,96.5,98.6,244
6/25/2018,100,105,100,101,36932
6/26/2018,100,104,100,100,13557
6/28/2018,100,100,100,100,600
6/29/2018,98.5,98.6,98,98.5,2700
7/2/2018,97.1,97.1,97,97.1,126
7/3/2018,97,97,92.9,93,5543
7/4/2018,92.9,92.9,90,90.1,28957
7/5/2018,90,96,90,93.1,12873
7/6/2018,95,95,92,93.2,6313
7/9/2018,93.1,93.1,90,90.1,11502
7/10/2018,90,94.9,90,90.8,693
7/11/2018,91,94,91,93.6,7332
7/12/2018,95,105,95,95,5128
7/13/2018,94.5,96.5,94.5,96.1,1088
7/16/2018,95.5,95.6,92,92.6,12515
7/17/2018,94,96,94,94.3,738
7/18/2018,94.1,94.1,94,94,551
7/19/2018,93.1,93.1,93.1,93.1,100
7/20/2018,92.7,95,92.6,95,11686
7/23/2018,96,96,92,92.9,2362
7/24/2018,93,97.4,93,93.1,10197
7/25/2018,94.9,94.9,94.9,93.1,1
7/26/2018,92.5,94.8,92.1,92.3,621
7/30/2018,94.8,94.8,92,92.1,803
7/31/2018,93,93,91.9,92,4251
8/1/2018,91.9,92,91.9,92,2097
8/2/2018,90.5,90.5,90,90,7442
8/3/2018,90.2,92,90.2,92,204
8/6/2018,92,92,92,92,500
8/7/2018,92,92,91,91,400
8/8/2018,90,90.1,88,88.1,8409
8/9/2018,90,91.8,89.9,91,5115
8/10/2018,90,90,90,90,1530
8/13/2018,89.9,89.9,88,89.9,163
8/14/2018,91.9,91.9,85.5,85.9,27130
8/15/2018,86,86,86,85.9,5
8/16/2018,88,88,88,88,500
8/17/2018,88,88,87.4,87.4,2200
8/20/2018,87.4,87.4,87.4,87.4,1
8/21/2018,87,87,86.1,87,5416
8/23/2018,87,89.9,87,89.9,7028
8/24/2018,87,87,87,87,511
8/27/2018,87,87.1,87,87.1,4610
8/28/2018,87,88,87,88,22675
8/29/2018,90,90,90,90,751
8/30/2018,88.5,90,88.5,90,9120
8/31/2018,88.6,88.6,87,87,75000
9/3/2018,87.6,90,87.2,90,18466
9/4/2018,89.5,89.5,89.5,89.5,1500
9/5/2018,89.4,96,89.4,90,26621
9/6/2018,90,90,90,90,2000
9/10/2018,91,91,90.9,91,260
9/11/2018,91,91,89,89,600
9/12/2018,91,91,88.3,89,7132
9/13/2018,88.4,90.9,88.4,90,10725
9/14/2018,90,90,89,89,1270
9/17/2018,89,89,88.5,88.6,14982
9/18/2018,89,95,88,88,7720
9/19/2018,88,88.9,87,87,9132
9/20/2018,87,87,86,86,5130
9/21/2018,87,88,87,87.9,6466
9/25/2018,87,87,86,86,11724
9/26/2018,86.5,89,86.5,89,14770
9/27/2018,87.5,87.6,87.5,87.5,2534
9/28/2018,87.5,87.5,85,86.1,12626
10/1/2018,86,86,85,86,28986
10/2/2018,86.1,88,86.1,86.1,730
10/3/2018,85.3,86.5,85.1,85.3,365
10/5/2018,90,90,86.2,90,7346
10/8/2018,90,90,90,90,1161
10/10/2018,90,90,90,90,380
10/11/2018,89.5,89.9,89.5,89.5,1508
10/12/2018,87.6,89,87.4,87.6,503
10/15/2018,85.6,85.6,85.2,85.6,1400
10/16/2018,86,86,85.6,86,1884
10/17/2018,85.3,88,85,85.3,252
10/18/2018,85,85,85,85,1748
10/19/2018,82.5,85,82.4,82.5,5840
10/23/2018,85.6,86,82.5,85.6,2161
10/25/2018,86.9,87,86.9,86.9,115
10/26/2018,86.9,86.9,86.9,86.9,215
10/29/2018,90,92,88.2,90,5240
10/30/2018,90.1,90.1,88.5,90.1,1784
10/31/2018,91.5,92,90.5,91.5,745
11/1/2018,100,100,94,100,22072
11/2/2018,100,100,92,100,96
11/5/2018,95.3,98,95,95.3,33561
11/7/2018,94,94.5,91,94,3872
11/8/2018,93,93,90.6,93,204
11/9/2018,95.3,97.5,93,95.3,431
11/12/2018,92,97,90.6,92,227284
11/13/2018,92,92,91,92,6001
11/14/2018,88,91.1,87,88,1024
11/15/2018,90,90,90,90,2415
11/16/2018,88.1,90,87.5,88.1,40681
11/19/2018,87.5,87.5,87,87.5,3213
11/21/2018,89.9,90,89.9,89.9,111
11/23/2018,88,88,88,88,1115
11/26/2018,88,88,88,88,400
11/27/2018,88,90,90,88,15
11/28/2018,88.6,90,88,88.6,2212
11/29/2018,89.1,90,88.3,89.1,2812
11/30/2018,88,91,88,88,4060
12/3/2018,88,89.8,86.5,88,10
12/4/2018,89,89.5,86.1,89,23166
12/5/2018,86.5,88.9,86,86.5,4062
12/6/2018,92,93,88.3,92,20992
12/7/2018,91.2,91.8,88.3,91.2,1301
12/10/2018,91,91,91,91,111
12/11/2018,89,89.1,89,89,499
12/12/2018,90,90,90,90,412
12/13/2018,90,90,90,90,1308
12/14/2018,88.6,89,88.6,88.6,1400
12/17/2018,88.5,89,88.5,88.5,3174
12/18/2018,88.5,90,88.5,88.5,32015
12/19/2018,88.5,87.1,87.1,88.5,83
12/20/2018,87.3,87.5,87,87.3,200
12/21/2018,87,87,87,87,200
12/24/2018,90,90,90,90,1111
12/26/2018,87.4,89.9,87.1,87.4,329
12/27/2018,88.5,88.5,88.5,88.5,1026
12/28/2018,89.9,89.9,88.5,89.9,211
12/31/2018,89.9,90,89.9,89.9,411
1/2/2019,88.6,88.7,88.6,88.6,300
1/3/2019,89,89,89,89,122
1/4/2019,89,89,89,89,122
1/7/2019,88.7,89,88.7,88.7,3311
1/8/2019,88.9,90.5,88.7,88.9,2731
1/9/2019,88.7,89.1,88.7,88.7,5017
1/10/2019,88.7,89,88,88.7,1612
1/11/2019,88.1,89,88,88.1,56432
1/14/2019,88.5,89,88.5,88.5,11401
1/16/2019,88.5,89,88.5,88.5,4681
1/17/2019,88.5,88.6,88.5,88.5,9470
1/18/2019,88.5,92,88.5,88.5,716
1/21/2019,88.6,91.9,88,88.6,2471
1/22/2019,88,89,88,88,278215
1/23/2019,89.8,90,88.5,89.8,113
1/24/2019,88,89,88,88,1289
1/25/2019,94,95,88,94,405
1/28/2019,94,89,89,94,85
1/29/2019,91.8,92.9,89,91.8,133
1/30/2019,89.2,90,89,89.2,382
1/31/2019,91.5,91.5,89,91.5,510
2/1/2019,91.2,91.5,91.2,91.2,111
2/5/2019,91.1,91.2,90.9,91.1,109
2/6/2019,91.2,91.2,91.2,91.2,119
2/7/2019,91.2,91.2,91.2,91.2,110
2/8/2019,91.1,91.2,91,91.1,7092
2/11/2019,91,91.2,91,91,5809
2/12/2019,89,91.5,89,89,6427
2/13/2019,91.5,91.5,90,91.5,1225
2/14/2019,92.8,93,91,92.8,55786
2/15/2019,91,94.9,91,91,4263
2/18/2019,87.8,90,87.8,87.8,2300
2/20/2019,88,88,88,88,4803
2/21/2019,87.8,89,87.5,87.8,199
2/22/2019,89,91,87.2,89,3812628
2/25/2019,90.1,94.5,88.1,90.1,13331
2/26/2019,93.8,94.5,89,93.8,460
2/27/2019,88.5,90.5,88.5,88.5,25221
2/28/2019,89,90.5,88.2,89,9245
3/1/2019,94.8,97.1,89,94.8,23009
3/5/2019,96.7,99.4,94.4,96.7,38576
3/6/2019,96.5,100,95,96.5,26589
3/7/2019,97,99,96.7,97,5741
3/8/2019,96.8,96.8,96.8,96.8,300
3/11/2019,94.2,96.6,94,94.2,313
3/12/2019,92,92,92,92,112
3/13/2019,90,92,90,90,1634
3/14/2019,93.5,95,90,93.5,339
3/15/2019,93.5,93,93,93.5,10
3/18/2019,90,90.2,90,90,1269
3/19/2019,92.8,95,92.8,90,37
3/22/2019,90,93,89,89.7,152
3/25/2019,89,90,88.8,88.8,405
3/26/2019,89,90.7,88.8,88.8,4983
3/28/2019,90,90.7,90,90,901
3/29/2019,90,90,88.8,88.9,636
4/1/2019,88.9,90.7,88.8,90.7,1145
4/2/2019,89,92,88.8,90,436893
4/3/2019,90,90,90,90,20200
4/4/2019,94.8,95,92,94.9,1504
4/8/2019,92,95,90,90,30459
4/9/2019,90,90,90,90,7006
4/10/2019,90,94.9,90,90,39220
4/11/2019,90,94.9,90,90,39704
4/12/2019,90.1,90.1,90,90,28000
4/16/2019,94,94,94,90,75
4/17/2019,94,98.1,94,95.7,259
4/18/2019,90.2,93.9,90,90,12257
4/23/2019,88,88,88,88,5344
4/24/2019,87,87,86,86.1,3340
4/25/2019,87,87,86,86.1,11659
4/26/2019,89.5,89.5,89.5,86.1,1
4/29/2019,86,89.5,86,89.5,326
4/30/2019,89.5,90,89.5,89.9,211
5/2/2019,90,90,86,86.4,3508
5/3/2019,89.5,89.5,86,86.1,613
5/6/2019,88.5,88.5,86,86.1,17340
5/7/2019,88.3,88.7,86.2,86.6,4281
5/8/2019,88.6,88.6,86.2,87,1172
5/9/2019,87.2,88,86.2,86.6,1842
5/10/2019,88.5,94.5,87.1,87.5,11017
5/13/2019,90,92.5,87.5,87.5,10688
5/14/2019,87.5,88.6,87.5,87.5,16138
5/15/2019,87.5,92,87.5,88,22328
5/16/2019,89.5,89.5,87.5,87.5,745
5/17/2019,88,88.5,88,88,10114
5/21/2019,88.5,90,88.5,89.3,1002473
5/22/2019,90,90,88,88,4451
5/23/2019,89.5,89.5,89.5,89.5,182
5/24/2019,89,89,88.5,88.5,327
5/27/2019,88.2,88.2,88,88,4827
5/28/2019,90,90,88.2,89.5,3500
5/29/2019,90,90,90,90,165
5/30/2019,90,90,88.9,90,601
5/31/2019,89,89,89,89,520
6/3/2019,90,90,88.6,89.5,736
6/4/2019,89.9,89.9,88.4,88.6,4000
6/6/2019,92,92,91.5,91.9,432
6/7/2019,91.9,91.9,91.9,91.9,300
6/10/2019,90,90,90,90,709
6/11/2019,90,90,88.6,88.7,1917
6/12/2019,90,93.4,89,90,5379
6/13/2019,90,91,90,91,1800
6/14/2019,90,90,90,90,900
6/17/2019,89.6,90,89.6,90,230
6/18/2019,89.7,90,89.7,89.7,611
6/19/2019,91.5,92,90,91.4,2063
6/20/2019,92.5,92.5,90,90,112
6/21/2019,90,90,89.6,89.7,608
6/24/2019,89.6,90,89.6,90,5025
6/25/2019,90,90.4,90,90,1112
6/27/2019,90,91.3,90,91.1,3680
6/28/2019,91,91,90,91,485
7/1/2019,91,91.3,90.5,91.3,187
7/2/2019,91.3,92,90,91.9,229
7/3/2019,91,93.8,90.3,90.3,440
7/4/2019,93.2,93.3,93.2,93.3,107
7/5/2019,93.3,93.8,91.1,93.6,3514
7/8/2019,90.1,94.4,90.1,93.2,3016
7/9/2019,93.8,95,93.3,95,2180
7/10/2019,95,100,95,96.3,7199
7/11/2019,97.1,104.9,97.1,102.1,33278
7/12/2019,102,105,101.5,102.7,2510
7/15/2019,103.5,104.4,103.5,104,3067
7/17/2019,103.9,105.3,102.5,103.8,13203
7/18/2019,104,107,104,104,5443
7/19/2019,103.5,103.7,103.5,103.7,3999
7/22/2019,102.1,103.7,100.5,101,2977
7/23/2019,100.3,104,100.2,102.5,2731
7/24/2019,102,102,101.5,101.6,21739
7/25/2019,104.9,105,101,102.4,16995
7/26/2019,104,105,101.5,104.2,4838
7/29/2019,102,105.5,102,104.4,25012
7/30/2019,105.5,109.8,103.6,106.3,59176
7/31/2019,107.5,109,105,105.2,8266
8/1/2019,109,114.8,108,110.3,44763
8/2/2019,110,125,110,123.2,124047
8/5/2019,124,128,123.1,127.2,84514
8/6/2019,127,127,120,125,27075
8/7/2019,123,125.9,120.3,123.1,8646
8/8/2019,123,124,122,122.8,1806
8/9/2019,124,125.5,121,125,45896
8/13/2019,125,127,125,125,62002
8/15/2019,126.9,129.8,126,126,46262
8/16/2019,127,127.9,125,125,25006
8/19/2019,127,127,123,123.3,880
8/20/2019,126.8,127,124,125.6,81315
8/21/2019,128,131,128,128.6,80952
8/22/2019,129,129,128.1,128.9,1446
8/23/2019,128,129.9,125.7,128,12716
8/26/2019,126,126,125.6,125.9,953
8/27/2019,125.6,126,125,125,940
8/28/2019,125.5,125.5,125,125,5092
8/29/2019,122.1,126,122.1,124.9,2399
8/30/2019,125.5,130,125,129.3,99320
9/2/2019,130,131,128,128,49793
9/3/2019,129,130,128.9,129,26150
9/4/2019,128,128,126,126.8,4885
9/5/2019,126,127,125,126,23452
9/6/2019,125,126,123,125,9036
9/9/2019,125.1,130,125.1,129.8,112012
9/10/2019,128,128,127,128,1035
9/11/2019,127,127.1,127,127,6965
9/12/2019,129.4,129.4,126.4,126.5,20607
9/16/2019,127.2,129.5,127.2,129,276
9/17/2019,126.4,126.4,126.3,126.4,458
9/18/2019,125.5,128,125.1,128,755
9/19/2019,126,126,126,126,1000
9/20/2019,125.2,125.2,125.2,125.2,100
9/23/2019,125.2,127.4,125,125,13610
9/24/2019,126.9,126.9,122.2,122.2,186
9/25/2019,125,127,124.5,125,51981
9/26/2019,127,127,125,126.1,200
9/30/2019,124.1,126.9,124.1,124.1,1001
10/1/2019,126,126,120.1,125,5250
10/2/2019,125,125,121.1,121.1,113
10/3/2019,123.2,127,123,123.2,86047
10/4/2019,120.4,125,120.2,125,1924
10/7/2019,125,127,120.2,120.3,515
10/8/2019,127,127,123,123,2149
10/9/2019,127,128,123,127.5,25382
10/10/2019,125,125,122,124.2,6001
10/11/2019,123.5,129.8,123.5,129.5,2589
10/14/2019,128.9,129,124.1,125.1,45465
10/15/2019,124.1,127.5,120,120.8,97821
10/16/2019,124.9,124.9,118.1,118.1,51249
10/17/2019,122,124.9,120,121.4,92641
10/18/2019,123.9,124,118,118.4,87838
10/21/2019,122.9,122.9,115.7,116,50412
10/22/2019,116,118,114,114.3,53993
10/23/2019,117.5,117.5,114,115,15349
10/24/2019,114.2,114.5,114,114.5,440
10/25/2019,117,117,114.1,115.2,6612
10/28/2019,114,117.8,113,117.4,9222
10/29/2019,120,120,115.5,119.7,9796
10/30/2019,118.9,118.9,118.9,118.9,2514
10/31/2019,119.9,120,119.5,120,6905
11/1/2019,120,123.8,119,120.3,17461
11/4/2019,119,120,118,119.7,3394
11/5/2019,120,120,117.5,117.8,2451
11/6/2019,120,120,118,118,2628
11/7/2019,120,120,118,118,2280
11/8/2019,121,121,117,117,3073
11/13/2019,118,118,117.9,118,2200
11/14/2019,118,118.1,118,118.1,1210
11/15/2019,119,119,116,119,10251
11/18/2019,120,123,120,122.7,62779
11/19/2019,122,122,119,121.8,399
11/20/2019,119.1,120,119,119.8,31660
11/21/2019,119,121,117.6,117.6,1463
11/22/2019,117.5,119.8,117,117.4,3657
11/25/2019,119.7,119.7,117,117,201
11/26/2019,118.7,118.7,113.6,113.7,1101
11/27/2019,119.4,119.4,119.4,113.7,8
11/28/2019,115,117.5,114,117.5,6102
11/29/2019,114,117.5,114,117.5,1599
12/2/2019,117.5,117.5,117.5,117.5,1000
12/3/2019,115,115.1,115,115,350
12/4/2019,115.2,117.3,114,116.1,14824
12/5/2019,117.3,117.3,117,117,540
12/6/2019,113.3,113.3,113.3,113.3,500
12/9/2019,117,117.9,117,117.8,130
12/10/2019,114.5,114.5,114,114,12559
12/12/2019,116.8,129,116.8,127.7,327956
12/13/2019,129,133.9,127.6,128.1,87381
12/16/2019,128,129,126.3,126.7,33488
12/17/2019,126.1,126.1,123.5,125.2,4656
12/18/2019,124.8,126.5,124.7,125,2420
12/19/2019,125,127.9,125,127.3,6453
12/20/2019,128,128,125.3,126.7,34961
12/23/2019,128,128,126,126,995
12/24/2019,127.5,127.8,126.1,127,980
12/26/2019,126.1,132,126.1,129,7785
12/27/2019,127.1,148.9,127.1,145.7,1062380
12/30/2019,150,182.1,150,179,1400539
12/31/2019,185,194.9,175.9,177.5,1731020
1/2/2020,180.6,182.6,165,169.7,404781
1/3/2020,170,178.5,165.1,170.3,716272
1/6/2020,172,173,167.6,169,122575
1/7/2020,175,178,163,164.9,306427
1/8/2020,166.8,166.8,151,155.4,137817
1/9/2020,158,169.5,158,165.8,157709
1/13/2020,169.5,169.9,160.2,161,94515
1/14/2020,165,165,161,161,3628
1/16/2020,162.3,162.3,159,160,19319
1/17/2020,159.1,162,159.1,160,17893
1/20/2020,160,161.8,159,159.1,17160
1/21/2020,159.2,160,159,159.5,26787
1/22/2020,160,160.5,158.3,158.6,154703
1/23/2020,158.5,160,158.3,159,97679
1/24/2020,160,160,155,155.4,11497
1/27/2020,157,157,152,153.3,57068
1/28/2020,152.1,152.5,151.1,152,101673
1/29/2020,152,157.3,152,156.9,49671
1/30/2020,158,158,153.1,153.5,12185
1/31/2020,154,155,153.3,153.8,10858
2/3/2020,153.3,153.4,152,152.1,23720
2/5/2020,152,153.3,152,152.1,18944
2/6/2020,152.4,152.4,150,150.2,35649
2/7/2020,149.9,150.5,149,150,7412
2/10/2020,149.9,149.9,147.5,147.8,5596
2/11/2020,146.6,147,145.7,146.1,8298
2/12/2020,146.2,146.4,142.2,144.1,6330
2/13/2020,144.1,147.8,144.1,147.1,22689
2/14/2020,147.5,147.5,145.1,145.2,10047
2/17/2020,146.3,148.9,143,143.7,56870
2/18/2020,143,144.7,142.5,142.9,8455
2/19/2020,148,148,143.7,145.3,12732
2/20/2020,147.8,147.8,143.6,144,5223
2/24/2020,143.6,144,141.3,142.4,5757
2/25/2020,143,143,135.5,136.4,30493
2/26/2020,135,138,131.1,131.7,27942
2/27/2020,134.7,140,131.3,133,132072
2/28/2020,133,136,129.2,129.9,29224
3/2/2020,131.5,135.8,130,134.7,12963
3/3/2020,135.9,138,133,133.5,19806
3/4/2020,132,132,128.1,129,35252
3/5/2020,130,132,125,126.4,48943
3/6/2020,126.7,126.7,122.1,122.6,36823
3/10/2020,121,121,113.8,118,81449
3/11/2020,116,124,116,120.2,17036
3/12/2020,122,122,105,112.3,72350
3/13/2020,110,110,95,103.9,156109
3/20/2020,99.4,99.4,88,90.8,117224
5/11/2020,90,90.1,90,90,55121
5/12/2020,90,90,86.1,88.2,115569
5/13/2020,90.1,100,90.1,96.8,99983
5/14/2020,100,100.1,93.5,96.4,168991
5/15/2020,100,103,93.5,94.2,72724
5/18/2020,95,105,93,99.5,295142
5/19/2020,107,116,101,105,206079
5/20/2020,106,110,101.1,104.8,150325
5/21/2020,108,118,108,115,147732
5/22/2020,118,122,111.2,114.8,501537
5/26/2020,116.9,117,112,112.1,45524
5/27/2020,112,115,109.8,112.3,36928
5/28/2020,113,115.3,111.2,114.2,76301
5/29/2020,115,119.8,113.5,114.6,231677
6/1/2020,114.6,114.7,110,112.4,16223
6/2/2020,114.8,114.8,110.6,113.4,4327
6/3/2020,112,114,110.8,111.1,16408
6/4/2020,114,114,110.6,111,9162
6/8/2020,114.9,114.9,110.7,112.6,21531
6/9/2020,115,115,111.5,112,69247
6/10/2020,112.1,118.5,112,115.4,4465005
6/11/2020,118.5,120.5,116.6,117.1,3258168
6/12/2020,118.5,120.6,116.8,119.9,4349046
6/15/2020,120,121,117,118.6,7895662
6/16/2020,120,121.5,119.2,119.7,475404
6/17/2020,119.9,123,119,122,1672697
6/18/2020,124,126.5,122,123.1,511004
6/19/2020,122.1,124.9,121,123.3,454157
6/22/2020,124,130,124,129.4,825617
6/23/2020,131,132.5,125,128.9,567671
6/24/2020,129,129,125,126.5,348940
6/25/2020,127,127,123.8,124.4,443808
6/26/2020,124,126,122.5,125.3,1358660
6/29/2020,125,127,123.6,124,91429
6/30/2020,126,126,123,123.5,207165
7/1/2020,123.5,124.4,122.5,123.4,104825
7/2/2020,123.5,123.5,121,122,209547
7/3/2020,121.9,122,119.5,120,266507
7/6/2020,120,123.4,119,121.6,79021
7/7/2020,122,122.9,120,121.1,39240
7/8/2020,121,122,119.8,120.1,216896
7/9/2020,120,126,120,125.9,1703974
7/10/2020,125,125,120,122.6,823905
7/13/2020,119,122.1,111,120.1,539942
7/14/2020,116,126.7,116,123.8,873201
7/15/2020,125,125,120,122.8,263824
7/16/2020,124,126,124,125.6,227371
7/17/2020,125.5,127.5,125.5,125.8,223360
7/20/2020,126,127,124.6,125,153056
7/21/2020,125.6,125.9,123,125,55024
7/22/2020,125,125.4,124,124.1,81752
7/23/2020,124.9,125,124.2,124.5,29300
7/24/2020,124.5,124.9,123.5,124.4,410415
7/27/2020,125.5,126,124.5,125.3,424779
7/28/2020,125,126.5,124,124.5,77367
7/29/2020,124.5,126.4,124.5,126.2,497695
7/30/2020,126.3,131.4,125.9,129.7,870499
7/31/2020,130,135.5,129.5,133.9,869318
8/4/2020,136,138.9,135.8,136.5,443634
8/5/2020,137,137,134.1,135.1,74988
8/6/2020,137,138,135.2,136.9,200492
8/7/2020,139,139,135.7,137.6,634803
8/10/2020,134,139.7,130.2,137.6,734650
8/11/2020,140,144.7,139.9,143.2,1223398
8/12/2020,143.9,146,143.9,144.1,881086
8/13/2020,144.2,144.4,140.1,141.2,111124
8/14/2020,141,144.5,140.2,143.9,271591
8/17/2020,144,145,141,143.1,100175
8/18/2020,144.5,157,142.9,156.3,973955
8/19/2020,158,167.5,158,166.3,892193
8/20/2020,168,169,160.6,163,1323789
8/21/2020,165,165,158.8,159.8,652577
8/24/2020,163,163,156.3,157.8,535329
8/25/2020,158,158,153,154.1,1238238
8/26/2020,150,150,138,142,1702440
8/27/2020,143.2,143.2,136.9,140.2,955482
8/28/2020,141,141.4,136,139.7,530182
8/31/2020,140,140,137.6,138.9,112571
9/2/2020,140,143.7,139.2,142.6,130225
9/3/2020,143.2,143.5,141.6,142,70722
9/4/2020,142,142,137.9,138.7,149232
9/7/2020,138.7,138.9,137,137.1,105699
9/8/2020,137.2,138.5,136.5,137,225748
9/9/2020,137,139.9,134.6,135.3,117430
9/10/2020,136,139,134,136.5,634137
9/11/2020,137.5,138.9,136.7,136.9,25125
9/14/2020,138.4,138.4,136.7,137.5,65192
9/15/2020,137.5,138.5,134.9,135.4,306229
9/16/2020,135.6,137,135,136.1,120233
9/17/2020,136.5,137,133.7,135,660493
9/18/2020,136,139.9,134.3,139,285950
9/21/2020,140,140,137,137.5,98143
9/22/2020,137.5,137.8,135,135.1,197624
9/23/2020,136,136,133.9,135,90918
9/24/2020,135.3,135.3,133,133.2,117606
9/25/2020,134,134.5,133,133.2,51895
9/28/2020,133,133.3,130,132.6,286738
9/29/2020,132.1,132.5,129.9,130.1,450063
9/30/2020,130,133.4,128.7,129,173088
10/2/2020,131,134.8,131,133,354061
10/5/2020,129,129,120,122.6,316537
10/6/2020,119.3,128,117.1,120.3,343332
10/7/2020,119.7,124,119.7,120.3,468249
10/8/2020,123,124.5,122,123.1,53011
10/9/2020,124.5,124.8,122.5,123.2,181646
10/12/2020,124,124,121,121.8,136409
10/13/2020,122,122,119.5,120,143060
10/14/2020,120,127.7,120,125.9,168956
10/15/2020,126.5,127,124,125,140883
10/16/2020,125.7,136.5,123,131.7,474590
10/19/2020,133,134.8,131,132,65638
10/20/2020,134.8,134.8,128.5,129.6,78669
10/21/2020,128.7,132.8,121.8,122,168808
10/22/2020,121.6,125,119,122.2,148220
10/23/2020,125,127,122.4,122.6,43758
10/26/2020,118,124,118,120.1,64620
10/27/2020,122,122.6,119.8,120.3,44341
10/28/2020,122,122.7,118,118.6,244965
10/29/2020,118.1,123.5,118.1,123,16421
11/2/2020,122,123,119.9,120,704674
11/3/2020,120.1,123.2,120.1,121.8,17126
11/4/2020,121.8,128,120,126.2,292807
11/5/2020,126.2,135.9,126.2,135,626712
11/6/2020,136.5,139,135,135.9,504493
11/9/2020,136.2,136.2,130.2,132.6,212107
11/10/2020,132.9,134,131,131.6,62002
11/11/2020,132,132.4,130,131.3,67412
11/12/2020,131.1,131.9,129,129.9,43167
11/13/2020,129.9,134,129.9,133,167250
11/16/2020,136,138,132.4,132.6,123955
11/17/2020,133,133.5,131,133,121166
11/18/2020,132.5,132.6,130.1,130.8,41340
11/19/2020,130.1,130.5,129.8,130,27618
11/20/2020,130,131.9,130,130.8,19769
11/23/2020,130.1,131,128.4,129.1,23552
11/24/2020,130,131,129,129.9,66063
11/25/2020,130,130,129.1,129.5,25966
11/26/2020,129.2,132,129,130.8,437331
11/27/2020,132,135.3,132,133,35481
11/30/2020,133,133,130.2,131.6,37704
12/1/2020,131,134,131,132.8,165657
12/2/2020,134,135.2,133,133.9,107646
12/3/2020,134,134.5,131.5,132.1,50390
12/4/2020,133,133.9,133,133.5,32376
12/7/2020,134,136.6,133,135.8,210908
12/8/2020,136.5,140,136.5,138.1,258220
12/9/2020,139.8,146.7,136.6,142.1,1443610
12/10/2020,147,148.5,140.6,141.4,639943
12/11/2020,142,142,136,137.6,142987
12/14/2020,140,140.5,137.9,138.4,101115
12/15/2020,140,140,137.8,138.2,251952
12/16/2020,140,141.3,137.9,140.3,331795
12/17/2020,142.5,145,136,136.8,677880
12/18/2020,139.5,140,137.5,137.6,57772
12/21/2020,139,139,136,136.5,504270
12/22/2020,136.2,139,135.2,135.6,259033
12/23/2020,135.4,137,134.8,135,448770
12/24/2020,137.5,137.7,134,136.4,151173
12/28/2020,137.8,137.8,135.1,135.3,46194
12/30/2020,135.5,137,135.5,136,186484
12/31/2020,136,137.6,134.9,135,122146
1/4/2021,136,141,136,139.1,459626
1/5/2021,140.5,143.9,139,142.7,684377
1/6/2021,142.5,147.5,140,146.7,799562
1/7/2021,148,158.5,145,155.1,2986626
1/8/2021,160.5,164,154,155,1202240
1/11/2021,155,161,154,160,1050371
1/12/2021,162,171,160,165.75,1397385
1/13/2021,181,191.5,178,181.5,3681331
1/15/2021,185,226.75,185,226.75,5636934
1/18/2021,263,283.25,248.5,265.25,4955508
1/19/2021,270,270.25,225,235.5,2305576
1/20/2021,230,244.25,220,231.75,1499331
1/21/2021,236,289.5,235,281,3012627
1/22/2021,310,351.25,305.75,351.25,5410995
1/25/2021,395,399.5,371,381.25,4260334
1/26/2021,385,437,363,417.25,4560243
1/27/2021,460,521.5,455,521.25,4999560
1/29/2021,550,574,498.25,512.75,3984200
2/1/2021,510,545,485,503.75,2699110
2/2/2021,515,525,392.5,466.5,1815660
2/3/2021,481,510,460,485.75,1837371
2/5/2021,489,495,465,469.75,681854
2/8/2021,480,480,430,440.25,666508
2/9/2021,440,440,404,422.75,1166384
2/10/2021,425,437.75,402,407.75,756690
2/11/2021,417.5,424.75,325,397.5,1051038
2/12/2021,415,445,390,430.75,1168714
2/15/2021,455,480,425,434.5,1235492
2/16/2021,415,415,350,354.75,1967550
2/17/2021,351,359.75,300,342,1372828
2/18/2021,359.75,412,340,387.75,1580704
2/19/2021,410,418,370,407.25,1527778
2/22/2021,405,405,373,376.75,491398
2/23/2021,389,389,350.25,364,575112
2/24/2021,351,375,351,357.5,695192
2/25/2021,372,378,352,365,209038
3/1/2021,367,375.25,356.25,359.5,83401
3/2/2021,360,360,344,349.25,251037
3/3/2021,350,350,315,330,736388
3/4/2021,332,338,296,300.5,1835592
3/5/2021,299.75,310,285,306.75,526938
3/8/2021,312,330,301.5,328,815181
3/9/2021,331,348,319,321.25,845453
3/10/2021,329,329,310,315.75,73790
3/12/2021,326.5,327,315,315.5,280158
3/15/2021,320,320,303,304.75,164160
3/16/2021,305,305,289.25,302.5,619768
3/17/2021,310,310,295,296,105735
3/18/2021,295.5,298,285,286.75,268402
3/19/2021,289,289,273,275.75,316598
3/22/2021,278,294,275,287,164640
3/23/2021,290,292,275.25,288.5,143505
3/24/2021,280,307.75,280,302.5,247059
3/25/2021,306,310,293,297,236326
3/26/2021,295,299,288,296.5,295365
3/29/2021,305,305,292,293.75,65005
3/30/2021,299,305,291.5,292.5,54384
3/31/2021,296,300,289,292,68217
4/1/2021,298.75,303,292.5,295.75,351911
4/5/2021,303,304,295.5,297.5,96332
4/6/2021,303,305,297,298.25,364193
4/7/2021,300,308,297,304.5,743979
4/8/2021,305,325,300,323,684730
4/9/2021,327,340,322,327.25,645294
4/12/2021,329.75,340,329.25,332.5,448855
4/15/2021,335,364,335,357.25,1320759
4/16/2021,356,356,333,346.5,1017231
4/19/2021,346.5,355,336.5,341.5,273231
4/20/2021,341.5,348.5,312,321.5,586525
4/21/2021,315,332,310,329.5,671766
4/22/2021,330,330,315,319.75,217521
4/23/2021,317.25,317.75,305.25,310.75,309859
4/27/2021,305,308.5,299.25,300.5,371142
4/28/2021,298,328,298,325,436721
4/29/2021,327,331,312,320,308509
4/30/2021,323,324,315.5,320.5,162175
5/3/2021,323,338,322,336.25,685985
5/4/2021,339.25,339.75,317,319,344887
5/5/2021,319,329,319,320,97473
5/6/2021,324,330.5,319,321,164052
5/7/2021,326,329.5,322.75,328.25,60686
5/10/2021,330,330,316.25,318,149344
5/11/2021,315.25,324.75,315.25,318.75,70256
5/12/2021,318.5,325,317.25,320.25,50372
5/13/2021,315.25,327.5,315.25,325.75,170660
5/17/2021,329.25,342,329.25,340.25,558078
5/18/2021,337.25,340,327,335,237496
5/19/2021,340,340,330.25,335.75,102949
5/20/2021,337,337,328,330.75,89356
5/21/2021,338,338,310,321.75,338951
5/24/2021,326,327.75,313.5,325,135015
5/25/2021,328,335.5,322.25,331.5,221365
5/28/2021,332.5,340.5,330,338.25,261243
5/31/2021,340,355,340,350,834600
6/1/2021,361,371,353,358.75,1725182
6/2/2021,360,364.75,348,350.75,350540
6/3/2021,354.5,368,350,361.75,684526
6/4/2021,371,388,371,382.5,1832891
6/7/2021,385,389,380,382.25,496022
6/8/2021,384.75,384.75,375,377.75,258475
6/9/2021,379,379,374.75,376,233384
6/10/2021,377,383.75,377,379.5,348239
6/11/2021,382,393.5,375.25,388.25,1151543
6/14/2021,385,392.5,381.25,386.25,405650
6/15/2021,385.5,407.5,385.5,401,1280080
6/16/2021,410,414.75,406,409,691124
6/17/2021,410,410,403.5,406.25,319894
6/18/2021,406,420.5,406,419.75,1215639
6/21/2021,419,424,415.25,416.75,352725
6/22/2021,420,420,406.75,408.5,354784
6/23/2021,408,410,395,405.5,257574
6/25/2021,405.5,415,405,411,183015
6/28/2021,412,418.75,411,418,361361
6/29/2021,418.5,419.5,399.5,401.75,2585343
6/30/2021,408,408,390.25,394.5,328214
7/1/2021,393.25,398,386,388.5,210454
7/2/2021,389.5,399.75,380.25,397.5,395831
7/5/2021,400,404,395,397.75,78997
7/6/2021,398,400,393.25,395,164134
7/7/2021,375,407,375,401.75,452303
7/8/2021,404,409,404,405,198762
7/9/2021,408,413,406,410.25,316092
7/12/2021,410.25,412,408.5,409.25,107822
7/13/2021,409,415,408,414.75,387644
7/14/2021,413.75,423,411.25,418.25,442385
7/15/2021,420,427.75,420,426,332051
7/16/2021,426,430,420,422.25,246343
7/19/2021,425,444,424.5,441,1024685
7/20/2021,440,457.25,437,455,951257
7/22/2021,453,473,453,469.75,787975
7/26/2021,470,478,457,460.25,366427
7/27/2021,456,469.75,450,460.75,288695
7/28/2021,460.5,463.5,456.75,462.75,111843
7/29/2021,463.25,469.75,462.5,468,201454
7/30/2021,469.75,473,462,465.25,135794
8/2/2021,468,477,462.25,473.75,468926
8/3/2021,476,487.5,473.75,485.5,647722
8/4/2021,487,490,475.25,477.5,311093
8/5/2021,472,477.5,445,449.5,989754
8/6/2021,446,464,441,458.5,528295
8/9/2021,460,462,450,458.5,271244
8/10/2021,460,460,448,450,343511
8/11/2021,450,455,446,448.5,136551
8/12/2021,449.75,450,428,431.75,575237
8/13/2021,435,442,431,433,198018
8/16/2021,432.5,432.5,422,427.75,271741
8/17/2021,431.5,459.5,431.5,452,433425
8/18/2021,462,479,460,476,558742
8/19/2021,460,480,452,459.75,485486
8/20/2021,454,467,451,459,293762
8/23/2021,460,500,460,491.5,1545732
8/24/2021,509,525,504,507.5,1871505
8/25/2021,507.75,514,503,505.25,898776
8/26/2021,510,529,509,523.75,1254719
8/27/2021,530.5,584.5,530.5,572.25,1656614
8/30/2021,615,645,589.75,601,1858235
8/31/2021,600,604.75,570,591.75,1210204
9/1/2021,600,619,599,610,1108600
9/2/2021,615,632,612,628,949714
9/3/2021,628,630,611,617.5,339571
9/6/2021,610,625,595,612.25,692232
9/7/2021,605.25,612,580,591.5,635620
9/8/2021,590,605,510.25,541,1119933
9/9/2021,550,565,528,560.25,725849
9/10/2021,567.75,570,530,533.25,310559
9/13/2021,525,533.25,494,498,636882
9/14/2021,510,519.5,500.25,512,242349
9/15/2021,515,539.75,515,533.25,355051
9/16/2021,538,545,515,522.5,200691
9/17/2021,520,529,510,517.75,139020
9/21/2021,518,520,500.75,504.5,106312
9/22/2021,503.25,518.5,500.25,506.25,173932
9/23/2021,510,517,509.75,510.75,107694
9/24/2021,512,527,510,521,253345
9/27/2021,535,564,535,561.75,730592
9/28/2021,570,594.75,562,583.5,615902
9/29/2021,598,625.25,592,621.25,1193003
9/30/2021,630,637,611,620,824251
10/1/2021,625,625,615,618.25,270058
10/4/2021,618.25,621,600.25,611.75,146889
10/5/2021,616,624,600.25,606.5,135686
10/6/2021,618,623,605,614,174387
10/7/2021,610.25,614.75,604,611.5,67782
10/8/2021,612,615,607,610,86658
10/11/2021,615,615,602,607.75,68380
10/12/2021,605.5,609.25,602,605,94544
10/13/2021,605,605,583,589.5,356354
10/14/2021,600,607,600,605,154985
10/15/2021,606,614.5,605,607.5,257334
10/18/2021,605.5,609.5,602,606.5,111661
10/21/2021,615,645.5,615,642.75,913917
10/22/2021,655,665,645.75,652.25,510286
10/25/2021,645,652.75,642,647.5,425363
10/26/2021,652.5,658,647.5,652.25,274203
10/27/2021,650,655.5,645.25,648.25,84734
10/28/2021,649,650,640,642.75,99575
10/29/2021,642.75,642.75,620,635,286762
11/1/2021,640,645.75,628,634.75,190993
11/2/2021,626,640,621,628.75,60286
11/3/2021,630,637,618.25,621,187310
11/5/2021,622,660,613,645.25,427559
11/8/2021,645,654.75,636,651,455425
11/9/2021,660,685,640,652.25,783788
11/10/2021,645,668,640,660.5,158012
11/11/2021,670,689.25,661.25,683.75,438924
11/12/2021,689.5,700,685,692.75,321769
11/15/2021,671,739,661,722,509229
11/16/2021,750,769,737,748.25,425156
11/17/2021,755,766,737,742.5,368487
11/19/2021,749,774.5,735,744.5,471939
11/22/2021,760,770,755,768,447892
11/23/2021,770,917,770,894.25,1108244
11/24/2021,920,960,906,915.25,746835
11/25/2021,920,930,900,906,305500
11/26/2021,906,935,895.25,928.25,371860
11/29/2021,909,928,905,907.25,133176
11/30/2021,911,990,910,983,613251
12/1/2021,996,1020,975,985.5,708084
12/2/2021,980,994.75,960,980.25,153362
12/3/2021,986,986,960,974.75,296773
12/6/2021,970,1000,970,993.5,147114
12/7/2021,1000,1005,985,988.25,87186
12/8/2021,988.25,990,975,980.25,49464
12/9/2021,975,980.25,962.25,978,131834
12/10/2021,985,1010,975,997,311399
12/13/2021,1000,1196.25,1000,1187,543741
12/14/2021,1200,1210,1150.75,1163.5,273665
12/15/2021,1170,1170,1112,1130.5,173210
12/16/2021,1129,1140,1105,1115.5,76497
12/17/2021,1118,1160,1075,1130.75,138828
12/20/2021,1100,1145,1098.75,1101.5,97271
12/21/2021,1120,1140,1051,1116.25,117092
12/22/2021,1116,1170,1116,1139.5,105775
12/23/2021,1140,1180,1140,1150.75,87357
12/24/2021,1150,1150,1130,1143.75,38783
12/27/2021,1150,1170,1125,1131.75,144931
12/28/2021,1130,1140,1110,1131.5,45691
12/29/2021,1140,1150,1110,1117.75,39491
12/30/2021,1122,1140,1110,1130.25,132737
12/31/2021,1140,1175,1130.25,1162,121450
1/3/2022,1174.5,1239,1174.5,1209.5,233251
1/4/2022,1180,1300,1180,1273.5,314575
1/5/2022,1350,1489,1325,1427.25,552024
1/6/2022,1402,1452,1385,1443.25,253801
1/7/2022,1455,1455,1400.25,1410,101737
1/10/2022,1420,1429,1345,1355.25,248976
1/11/2022,1300,1365,1300,1336.25,189405
1/12/2022,1336.25,1340,1299,1302.5,101697
1/13/2022,1301,1400,1299.5,1376.25,237129
1/18/2022,1395,1398,1350,1353.25,68526
1/19/2022,1359,1370,1330,1349,47310
1/20/2022,1360,1360,1330,1339.5,46946
1/21/2022,1335,1350,1320,1330.75,106862
1/24/2022,1332,1358.75,1299.25,1322.25,199392
1/25/2022,1335,1335,1285,1299,118794
1/26/2022,1300,1330,1254,1268.25,173617
1/27/2022,1241,1290,1050,1204,196561
1/28/2022,1200,1220,1120,1176,220286
1/31/2022,1200,1245,1160.25,1216.25,174684
2/1/2022,1238,1240,1180,1193.5,59807
2/2/2022,1220,1220,1100.25,1118.5,181423
2/3/2022,1115,1190,1050.25,1181.75,256053
2/7/2022,1200,1230,1140.5,1151.75,66531
2/8/2022,1141,1169,1080,1109,111433
2/9/2022,1126.75,1149.75,1025,1044.75,98540
2/10/2022,1052,1140,1010,1099.25,158346
2/11/2022,1124.75,1199.5,1119,1182.25,85075
2/14/2022,1200,1200,1150,1192.5,68619
2/15/2022,1200,1200,1170,1183.5,49691
2/17/2022,1170,1180,1121,1159.25,65028
2/18/2022,1175,1175,1102.75,1118.25,53996
2/21/2022,1128,1128,1003,1013,132353
2/22/2022,1010,1039,990,999,241621
2/23/2022,995.25,1000,810,922.25,255662
2/24/2022,910,929.5,815,828.75,239788
2/25/2022,850,910,820,899.25,227554
2/28/2022,920,1016.5,876,994.75,225674
3/2/2022,1000,1000,921,954.5,123755
3/3/2022,955,970,911,921.25,83516
3/4/2022,910,970,880.25,963.25,403922
3/7/2022,978,1018,890,921.75,232480
3/8/2022,970,973,845,873.75,282534
3/9/2022,880,900,760,795.75,168476
3/10/2022,805,880,805,876.75,205443
3/11/2022,886,900,830,838.5,94697
3/14/2022,831,860,815,832,98082
3/15/2022,833,850,785,791.5,93253
3/16/2022,785.75,811,725,775.25,63493
3/18/2022,800,820,780,801.75,86259
3/21/2022,808,813.5,800,805.5,27594
3/22/2022,812,830,785,794.75,54973
3/23/2022,800,809.5,782,788.5,28136
3/24/2022,800,815,780,803.25,200256
3/25/2022,809,858,800,822.25,137036
3/28/2022,830,830,775,786.25,59039
3/29/2022,800,800,680,698.5,259948
3/30/2022,695,695,560,645.25,290265
3/31/2022,650,650,562,597.5,180849
4/1/2022,550,550,478,489.5,120551
4/4/2022,430,465,393,414.5,367558
4/5/2022,445,475,431.5,469,128708
4/6/2022,475,494,449,455.5,320960
4/7/2022,450,450,390,398.75,150321
4/8/2022,404,425,381,395.5,162273
4/25/2022,325,325,318,324.75,15704
4/26/2022,270,275,260,269,154903
4/27/2022,240,380,240,327,135429
4/28/2022,380,450,330,413,289786
4/29/2022,449,469,413,437.5,501686
5/4/2022,445,490,399,474.25,337137
5/5/2022,490,493,446,457.75,64405
5/6/2022,450,457.75,401,415.5,84539
5/9/2022,420,465,420,456,73272
5/12/2022,440,483,421,466.25,88607
5/13/2022,499.25,510,482,497.5,118232
5/17/2022,512,560,512,553.75,142690
5/18/2022,575,613.5,515,556,201406
5/19/2022,588.5,589,525,536.25,127764
5/20/2022,541,575,541,556.5,67680
5/23/2022,585,619,585,616.25,157461
5/24/2022,625,630,600,607,127146
5/25/2022,605,610,590,604.5,63092
5/26/2022,608,615,585.25,607.25,104449
5/27/2022,611,640,610,631.5,76484
5/30/2022,635,644,622.5,627.5,44910
5/31/2022,621,627.5,580.25,598,62352
6/1/2022,620,638,569,601.75,111014
6/2/2022,600,614.75,599.75,601.25,30327
6/3/2022,605,609.75,581.75,587.75,24119
6/6/2022,575,575,500,522.5,90268
6/7/2022,505,510.75,440,464,139143
6/8/2022,498,509.25,485,496.25,45045
6/9/2022,505,519,501,506.5,42716
6/10/2022,515,519,500,503.75,35564
6/13/2022,520,520,485,495,13918
6/15/2022,490,490,465,479.25,128210
6/16/2022,490,494.75,450,460.5,28042
6/17/2022,460,460,418,423.25,73115
6/20/2022,410,439.5,405,419.75,55463
6/21/2022,425,440,420,423,33350
6/22/2022,426,433.75,416,417.25,22375
6/23/2022,420,430,415,419.25,54948
6/24/2022,430,449,424.75,436.25,55354
6/27/2022,410,434.75,402,406.25,44015
6/28/2022,409.75,409.75,391,397.5,34253
6/29/2022,400.25,410,395.75,398.5,18381
6/30/2022,400,403,388.25,392.25,45295
7/1/2022,395,410,378,399.5,70882
7/4/2022,401,401,390,393.25,120640
7/5/2022,394,396,380.25,384,142344
7/6/2022,380,384,357,358.5,89913
7/7/2022,357,381,350,354.75,36248
7/8/2022,358,375,358,364.25,67846
7/11/2022,368,398,365,392.75,85225
7/12/2022,420,420,391,400,78413
7/14/2022,392,395,371,389.25,32420
7/15/2022,409,409,396,402.5,32475
7/18/2022,406,414.5,401.25,410.5,29573
7/19/2022,414,418,410,413.25,62078
7/20/2022,418,418,403,408.25,47471
7/21/2022,417,417,400,404.5,29363
7/22/2022,407,407,395,400,10717
7/25/2022,407,407,384.5,386.75,19815
7/26/2022,399,399,386,389.25,11610
7/27/2022,389.25,399,380,382.25,22345
7/27/2022,389.25,399,380,382.25,22345
7/28/2022,397,397,382,384,10632
7/29/2022,384,384,376,380.5,24901
8/1/2022,380,380,369,370.5,70341
8/2/2022,370,389,370,385.5,25150
8/3/2022,390,423,390,416.5,188732
8/4/2022,430,499.75,430,476.25,179009
8/5/2022,510,535,480,507,251017
8/8/2022,520,595,510,583.5,235057
8/9/2022,595,616,553,581.5,226546
8/10/2022,565,604,550,583.5,260226
8/12/2022,599.5,630,595,622.75,243230
8/15/2022,634.75,650,617,626.25,335082
8/16/2022,645,645,590,611.5,230502
8/17/2022,611.5,620,551,570,178291
8/18/2022,584,600,572,589.25,140782
8/19/2022,599,599,581.5,587.5,129552
8/22/2022,600,621,595,618.25,143133
8/23/2022,615,625,600,603.75,140149
8/24/2022,610,610,585,589.25,97562
8/25/2022,595,599,555,565.25,54435
8/26/2022,560,570,544,551.75,57990
8/29/2022,559,569,540,545.5,23943
8/30/2022,550,550,535.25,543,17184
8/31/2022,560,567,550,559,63367
9/1/2022,580,580,560,564.25,46688
9/2/2022,580,593,550,581.75,72100
9/5/2022,600,630,590,608.5,125304
9/6/2022,609.5,609.5,578.5,582.75,42251
9/7/2022,578,590,571,575.75,23289
9/8/2022,590,597.5,575.75,582.5,54368
9/9/2022,585,595,575,580.25,90903
9/12/2022,590,595,560,564.5,88304
9/13/2022,560,569.75,540,545.5,124236
9/14/2022,550,560,536.25,544.75,49389
9/15/2022,545,559,540,541.75,87350
9/16/2022,550,550,535,537,39414
9/19/2022,533,550,520,522.75,103386
9/20/2022,525,526,500,505.75,202408
9/21/2022,515,525,501.75,507,65641
9/22/2022,520,540,506,535.25,173708
9/23/2022,510,528.75,508,518.75,101473
9/26/2022,520,525,505,508.5,59152
9/27/2022,507,510,501.75,504.25,81595
9/28/2022,512,512,500,503.5,86011
9/29/2022,512,512,499.5,500.25,143960
9/30/2022,500,510,498,503.5,80497
10/3/2022,504,509,479.25,481.5,132562
10/4/2022,480,489.75,450,463.5,59287
10/5/2022,465,475,452,455.5,69672
10/6/2022,452,453.25,435,438.5,97812
10/7/2022,430,439.5,418,419.75,86336
10/11/2022,426,428,387.5,392.5,110408
10/12/2022,380,420,365,401.75,100167
10/13/2022,421,434,415,430.25,65761
10/14/2022,434,446,422,429.75,22753
10/17/2022,435,435,390.75,403.5,57938
10/18/2022,402,409,386,406,32070
10/19/2022,407,410,400,405,27694
10/20/2022,400,409,396,397.75,45548
10/21/2022,407,407,393,399,11330
10/25/2022,400,406,387,390.75,72190
10/26/2022,399,399,380,388.75,34908
10/27/2022,398,420,398,414.75,33408
10/28/2022,418,420,402.5,408,20749
10/31/2022,408,410,395,397,6399
11/1/2022,400,419.5,395,399.25,21516
11/2/2022,414,415,395,397.5,10558
11/3/2022,405,405.25,390,400,28210
11/3/2022,405,405.25,390,400,28210
11/4/2022,402,405.25,390,394.25,14409
11/8/2022,403.5,403.5,380,385.75,31430
11/9/2022,380,400,376.25,388,4996
11/10/2022,390,396,386,390,11138
11/11/2022,390,407,390,397.25,27813
11/14/2022,401,401,378,383,26609
11/15/2022,386,395,378.25,381.5,16555
11/16/2022,376,376,345,347.25,181514
11/17/2022,350,360,338,338,119902
11/18/2022,350,350,310.5,323.5,43896